marque,modele,prix,kilometrage,annee,localisaton,cylindree,description,carrosserie,energie,puissance,boite,couleur,prix_neuve 
Ford,Autre ModÃ¨le,62000,62000,2018,Ariana,null,a vendre voiture ford ecosport Ã©cobouste premiÃ¨re main trÃ¨s propre presque neuve bien entretenue   trÃ¨s robuste Ã©conomique tÃ©l. 98243338,null,Essence,7 CV,MÃ©canique,Noir,null
Peugeot,106,12800,194400,2002,Ben arous,null,"a vendre peugeot 106 open montage franÃ§aise  assistÃ©  ,injection, vitres avant Ã©lectriques, chaises pilote rÃ©glable, fermeture centrale, air bague, radio usb et aux ... en bonne Ã©tat",null,Essence,4Â CV,MÃ©canique,Bleu,null
Renault,Autre ModÃ¨le,63000,194400,2017,Ariana,null,"renault kadjar annÃ©e 03/2017, toute option, tce, 4 roues neuves de marque michelin, importÃ©e en trÃ¨s bon Ã©tat",null,Essence,7Â CV,MÃ©canique,Bleu roi,null
Ford,Fiesta,17000,195000,2006,Tunis,null,"a vendre ford fiesta trÃ¨s bon Ã©tat noir 5 ch.v : essence, climatisÃ©e, 2 vitres avant Ã©lectriques. tel 56745503 / 58156025",null,Essence,5 CV,MÃ©canique,noir,null
Citroen,Nemo,35000,81000,2015,Tunis,null,"âœ…  kÃ©lometrage : 81000km âœ… 1.4l essence 5cv 4 cylindres âœ… 5 places âœ… double clÃ© ğŸ”‘ disponible  âœ… climatiseur , radio , bip de recul  â˜ï¸ 21246229",null,Essence,5Â CV,MÃ©canique,Marron,null
Mazda,2,42000,77000,2017,Ben arous,null,ğŸŒâš¡ ğŸ‡¯ğŸ‡µmazda 2 skyative ğŸ‡¯ğŸ‡µâš¡ğŸŒ ğŸ•¹ bvm â›½ essence ğŸ 6 fiscaux ğŸ“… fin 2017 â“‚ï¸ 198 ğŸ“Ÿ 077000 km â€¼ï¸ certifiÃ© ğŸ“› voiture en excellente Ã©tat ğŸ‘Œ âœ… toutes options ğŸ“²+216 50 560 130,null,Essence,6 CV,MÃ©canique,GRIS,null
Mahindra,Autre ModÃ¨le,37500,33000,2021,Ariana,null,voiture mahindra kuv100 1 Ã¨re main les entretiens sont faites a la maison.. trÃ¨s bonne Ã©tat. quelques petites retouches au para choc derriÃ¨re. avec camera de recule. nouvelle costume pour toute la voiture. des tapis nouveau en plus.,null,Essence,5 CV,MÃ©canique,GRIS,null
Volkswagen,Touareg,35000,250000,2009,Nabeul,null,bonne etat toareg  fase 2 r5 13cv,null,Diesel,13Â CV,Automatique,Noir,null
Isuzu,Trooper,38000,298000,2002,Tunis,null,"isuzu trooper - 2002 (4x4)  long 3.0 td. kilomÃ©trage 298000 , sÃ©rie 193. carburant diesel, couleur du vÃ©hicule bronze mÃ©tallisÃ©e. fermeture centralisÃ©e, vitres elec, pneus et batterie neufs. climatisation. type de carrosserie 4 x 4. double pont fonctionnel. etat du vÃ©hicule trÃ¨s bon. voiture mixte (utilitaire et 5 places) ne paie que la taxe 180 dinars. donne avec, plusieurs piÃ¨ces dÃ©tachÃ©es importÃ©es de france d'une valeur de 680 euros. visible Ã  la marsa . prix lÃ©gÃ¨rement  nÃ©gociable . tel 27 777 856",null,Diesel,12 CV,MÃ©canique,bronze,null
Fiat,Punto,17500,182000,2009,Tunis,null,"particulier met en vente sa voiture fiat punto 3 , sÃ©rie 136, bon Ã©tat. carnet d'entretien Ã  jour, faible consommation, climatisation, vitres avant Ã©lectriques, direction assistÃ©e. visite technique octobre 2023 vignette 2023 payÃ©e. prix : 17500 dinars. visible Ã  manar 2. contacter samir au : 53 058 741 (samasara s'abstenir).",null,Essence,5 CV,MÃ©canique,Gris mÃ©tallisÃ©,null
Ford,Fiesta,29500,157000,2015,Ben arous,null,"ğŸš˜ğŸš— ford fiesta bvm ğŸš—ğŸš˜  ğŸ  157,000 km ğŸ“… 12/2015 â›½ï¸5 cv essence tu 186  âš ï¸optionsâš ï¸   â– 2 vitres electriques    â– climatisation climatronic  â–  feux xÃ©non â– feux led  â– rÃ©gulateur de vitesse         ğŸ’µğŸ’²29,500ğŸ’²ğŸ’µ  â˜ï¸ğŸ“±50 560 130ğŸ“±â˜ï¸",null,Essence,5 CV,MÃ©canique,Noir,null
Mg,Autre ModÃ¨le,125000,22000,2022,Sousse,null,mg hs ğ™ğ™§ğ™¤ğ™¥ğ™ 0430 âœªâœª â–º modele : 2022 â–º kilomÃ©trage : 22.000 km â–º puissance fiscale : 9 cv â–º energie : essence  â–º camera  â–º xÃ©non / full led  â–º boite automatique  â–º interieur cuir trophy edition   â–º climatronic  â–º toit panoramique  â–º lumiÃ¨re d'ambiance  â–º jantes 18,null,Essence,9Â CV,Automatique,noir,null
Peugeot,206,8900,22000,2002,Nabeul,null,moteur partenaire 7cv gasoil  chaine de rÃ©ception (jdida bakou )  4 roues (jdod bakou)  visites technique jusqu'Ã  le 20/04/2023  deux vitres electriques ( avant)  fermeture centrale batterie neuve  vignette 2022 n'est pas payÃ©e,null,Diesel,4 CV,MÃ©canique,GRIS,null
Hyundai,H100,31000,76000,2016,Tunis,null,hyundai i10 d'une femme presque neuf,null,Essence,4 CV,MÃ©canique,Gris foncÃ©,null
Renault,Autre ModÃ¨le,82000,38000,2019,Tunis,null,"a vendre renault kadjar intens phase 2 1Ã¨re main, faible kilomÃ©trage encore neuf et trÃ¨s bon Ã©tat toit panoramique, lÃ¨ve vitres avant/arriÃ¨re, ordinateur de bord, gps avec cartographie tunisienne, android auto, siÃ¨ge arriÃ¨re rabattable, abs, rÃ©gulateur de vitesse, airbag frontaux, latÃ©raux et ridaux, controle de pression des pneus, pneus 19 pouces, antibrouillards, dÃ©tecteur de pluie, allumage auto lumiÃ¨re, feux led, rÃ©troviseur Ã©lectrique et rabattables automatiques, radars avant, arriÃ¨re et latÃ©raux, camÃ©ra de recul, volant multifonctions et cuir, climatisation auto bizone, direction assistÃ©e, etc. plein d'autres options",null,Essence,7 CV,MÃ©canique,Gris Titanuim,null
Great Wall,Great Wall M4,35000,114000,2017,Ariana,null,a vendre : m4 bonne etat annee 2017 klm 114 mille couleur blanc. prix 35 mdt. 44 127333,null,Essence,6Â CV,MÃ©canique,Blanc,null
Land-Rover,Range,300000,25000,2020,Tunis,null,"evoque black edition se, premiere main,   annÃ©e 2020 juillet 25.000km 150 cv din 8cv diesel. vrai cuir camÃ©ra 360 clear view affichage tÃªte haute cockpit digital climatisation ionisÃ© 2 zones jantes 20 black. siÃ¨ges conducteurs et passagers Ã©lectriques avec mÃ©moires. sonorisation mÃ©ridien. rÃ©gulateur et limiteur de vitesse. systÃ¨me anti collision avant et arriÃ¨re plus dÃ©tecteur de franchissement de ligne. lumiÃ¨re d'ambiance 7 couleurs toit panoramique teintÃ© plus de photos de l'intÃ©rieur serons ajouter bientÃ´t",null,Diesel,8Â CV,Automatique,Noir,null
Ford,Fiesta,18000,300000,2006,Tunis,null,"ford fiesta ghia en trÃ¨s bon Ã©tat couleur bleu   5 ch.v : essence, climatisÃ©e,  2 vitres avant Ã©lectriques, jantes aluminium, direction assistÃ©e, clÃ© fermeture a distance double clÃ©, detecteur de pluie et lumiere automatique, airbag.. mise en circulation :27/04/ 2006 contacter 98464958",null,Essence,5 CV,MÃ©canique,Bleu,null
Peugeot,307,18700,178000,2006,Tunis,null,307 cc 2 Ã¨me main acheter c fait 4 ans d'une vieille femme qui n'a pas trop rouler kit embrayage changer il y a une semaine  feux du jour  essui glace  automatique  rÃ©gulateur de vitesse  antibrouillard  dÃ©tecteur de pluie  feux du jour   kit ambrayage changÃ© il y a une deux semaine   montage franÃ§ais commande de france appelez le 98349658 ou 50777658,null,Essence,8 CV,MÃ©canique,Bleu gris,null
Chevrolet,Aveo,23000,145000,2013,Ariana,null,voiture 1ere main mÃ©decin..salon cuir..quatre pneus neufs..29810318,null,Essence,5Â CV,MÃ©canique,Noir,null
Dacia,Autre ModÃ¨le,28000,190000,2018,Ben arous,null,dacia dokker 84 ch matricule     : tu 201 boite              : manuel 5 vitesses modÃ¨le         : van lux vitrÃ©e jante             : 16,null,Diesel,6Â CV,MÃ©canique,blanc,null
Peugeot,206+,21800,213000,2012,Monastir,null,une belle 206+ bien entretenue peinture d origine moteur d origine vitre Ã©lectrique avant climatiseur en marche,null,Essence,4Â CV,MÃ©canique,gris mÃ©tallisÃ©,null
Hyundai,Autre ModÃ¨le,40000,24000,2019,Tunis,null,a vendre bel hyundai gd i10 bva 24000km 4cv 3cylindre clim vitre Ã©lectrique commande au volant radio jantes d'origine direction assistÃ©e..,null,Essence,4 CV,Automatique,Blanc,null
Mercedes,E,85000,58000,2009,Ariana,null,mercedes e200 diesel trÃ¨s propre 58mille kms seulement pratiquement neuve couleur noir .....boÃ®te manuelle,null,Diesel,9Â CV,MÃ©canique,Noir,null
Jaguar,Autre ModÃ¨le,150000,94000,2016,Ben arous,null,"a vendre jaguar xjl 1Ã¨re main, annÃ©e 2016, tu 193, automatique, 16 cv, toutes options. prix 150.000",null,Essence,16 CV,Automatique,noire,null
Hyundai,Accent,34000,82000,2017,Ariana,null,"hyundai solaris 
toute option 
6 chevaux 
essence 
 55079943",null,Essence,6Â CV,MÃ©canique,gris,null
Mahindra,Autre ModÃ¨le,41800,3600,2022,Sousse,null,je mets Ã  vendre ma kuv100 /k8... trÃ¨s peu circulee avec kilomÃ©trage moins que 4000...tres propre et toute neuve... 1Ã¨re main et encore en garantie,null,Essence,5Â CV,MÃ©canique,Noir,null
Citroen,Saxo,10500,223000,1998,Tunis,null,citroÃ«n saxo Ã  vendre en trÃ¨s bon Ã©tat,null,Essence,4 CV,MÃ©canique,GRIS,null
Toyota,Hi.Lux,28000,223000,1989,Ben arous,null,a vendre une camionnette bon Ã©tat veuillez contacter 29651533,null,Diesel,10 CV,MÃ©canique,Vert,null
Mazda,2,42000,140000,2018,Tunis,null,mazda 2 sedan  premiÃ¨re main  Ã©dition exclusive sky active toutes options 4 vitres Ã©lectriques climatisation chaud froid camÃ©ra de recul commande tableau de bord volant Ã©cran tactile bluetooth,null,Essence,202 CV,MÃ©canique,miel,null
Mahindra,Autre ModÃ¨le,37000,30200,2019,Tunis,null,mahindra deuxiÃ¨me version Ã©cran tactile radar de recul gps rÃ©troviseurs rabattables  Ã©lectriquement vitres Ã©lectriques avant mechya 30200 entretien maison avec carnet d'entretien sans aucune retouche ni accidentÃ©e,null,Essence,5Â CV,MÃ©canique,Rouge,null
Volkswagen,Golf 7,43000,110000,2017,Tunis,null,"cause dÃ©part Ã  l'Ã©tranger, je mets en vente ma voiture golf 7 smartline toutes options, en trÃ©s trÃ©s bon Ã©tat, bien entretenu depuis l'achat (avec preuves), 0 accidents ou rayures ce prix est imbattable avec les options de la voiture, mais lÃ©gÃ¨rement nÃ©gociable. merci de me contacter seulement par tÃ©lÃ©phone: 55 099 099",null,Essence,5 CV,MÃ©canique,Noir,null
Suzuki,Autre ModÃ¨le,48000,32000,2020,Ben arous,null,num,null,Essence,5Â CV,MÃ©canique,Beige,null
Renault,Clio,43500,60800,2019,Tunis,null,"clio life plus 1.2 quatre cylindres et 5 chevaux 1Ã¨re main , faible kilometrage 
Ã©quipÃ©e par une alarme et et un radar de recul d'origine",null,Essence,5Â CV,MÃ©canique,blanc cristal,null
Volkswagen,Polo 7,36500,31000,2016,Tunis,null,a vendre polo 7 tres propre bien entretenu  faible kilometrage mouch cha3biya gachara lÃ© tel 20 782142,null,Essence,4 CV,MÃ©canique,null,null
Mercedes,C,62000,200000,2012,Tunis,null,mercedes c 220 diesel kit amg - modele : 2012 - sÃ©rie 160 - kilomÃ©trage : 200mkm  -puissance fiscale : 9cv  - energie : diesel  - couleur extÃ©rieure: noir  - boite vitesse manuelle 6 vitesse. moteur d'origine mercedes  98665554,null,Diesel,9Â CV,MÃ©canique,Noir,null
Kia,Sportage,150000,6000,2022,Manouba,null,la nouvelle kia 2023 haute gamma 8 rapport toit ouvrant jante 19 pouces chargeur telephone sans fil full led adaptif presque neuf avec les sachets,null,Essence,10Â CV,Automatique,Noir,null
Dacia,Duster,45000,190000,2017,Nabeul,null,avec radar de reculÂ’ gps,null,Diesel,5 CV,MÃ©canique,Gris,null
Peugeot,207,22000,215000,2007,Sousse,null,"je mets en vente une 207 , 4 chevaux diesel 1.4 hdi. kilomÃ©trage 215mil. poste radio avec Ã©cran tactile, feux xÃ©non, climatisation bizone, fermeture centrale,camera de recule... voiture trÃ¨s bien entretenue et surtout surtout une trÃ¨s faible consommation. le prix est lÃ©gÃ¨rement nÃ©gociable.",null,Diesel,4 CV,MÃ©canique,Bleu/gris,null
Hyundai,Autre ModÃ¨le,62000,128000,2018,Sfax,null,avendre hyundai h350 presque neuf toutes options vitre Ã©lectrique climatronic ordinateur de bord,null,Diesel,8Â CV,MÃ©canique,Blanc,null
Fiat,Punto,15000,228000,1998,Ben arous,null,a vendre fiat punto contact mohamed 90420181,null,Essence,4Â CV,MÃ©canique,Rouge,null
Honda,HR-V,85000,40000,2019,Tunis,null,pour un admirateur de la marque honda  hr-v 1.5 l essence  presque neuve.  4 roues motrices intÃ©grales   fermeture centralisÃ©e avec commande d'origine  4 vitres Ã©lectriques  rÃ©troviseurs Ã©lectriques  la climatisation  les jantes avec pneus large  honda h-rv comfort 1.5 cvt  prix : 85mdt ğŸ”´ caractÃ©ristiques : âœ… annÃ©e : 2020  âœ… kilomÃ©trage :  40mkm ğŸ”µ caractÃ©ristiques techniques : âœ… energie : essence  âœ… puissance fiscale : 7cv âœ… boÃ®te : automatique  âœ… transmission : traction,null,Essence,7Â CV,Automatique,MAUVE GRIS,null
Seat,Leon,65700,57200,2019,Tunis,null,"seat leon 2019 - 1Ã¨re main
57 mkm
1.2 tsi (essence) 6 cv fiscaux Â– 110 cv din.
finition design Â– options :
6 airbags 
esc / esp
contrÃ´le de pression des pneus
toit ouvrant panoramique
feu de jour Ã  led
volant cuir multifonctions
radar de recul
frein Ã  main Ã©lectrique + aide au dÃ©marrage en cÃ´te
feux et essuis glaces automatiques
rÃ©gulateur de vitesse
climatisation automatique bi-zone
siÃ¨ge conducteur et passager rÃ©glable en hauteur et en profondeur
rÃ©troviseur intÃ©rieur anti-Ã©blouissement
4 vitres Ã©lectriques Ã  impulsion 
ouverture et fermeture des vitres et du toit Ã  distance avec la clÃ©
etc...",null,Essence,6Â CV,MÃ©canique,Blanc,null
Volkswagen,Polo 7,29000,187000,2011,Tunis,null,"je mets en vente ma polo 7 en excellente Ã©tat.
 - voiture 1Ã¨re main
- date de la premiÃ¨re mise en circulation : juin 2011
- kilomÃ©trage : 187 000 km (11 ans et 9 mois)  
 - motorisation nerveuse et trÃ¨s Ã©conomique (moteur 1.2 essence avec 4 cv puissance fiscale)
- voiture Ã  l'Ã©tat d'origine maison : peinture, moteur, vitres et optiques avantarriÃ¨re.
- des rideaux sont montÃ©s sur les vitres avant arriÃ¨re pour limiter les rayons uv + accoudoire central d'origine vw + poste sony 
- entretien (vidange) Ã  jour : prochain vidange prÃ©vu Ã  192 000 km (huile castrol 10w40, filtre huile et filtre Ã  air)
- 3 bougies d'allumage changÃ©es lors du dernier vidange le 29/10/2022 + lavage moteur avec un produit spÃ©cial
- essuie glace avant arriÃ¨re changÃ©s le 29/10/2022
- optiques de phares avant rÃ©novÃ©es le 24/02/2023   
- climatiseur bien entretenu et en parfaite Ã©tat (charge clim + changement du filtre habitacle effectuÃ© en juin 2022)
- 4 roues en parfaite Ã©tat (changÃ©s en 2021) / roue de secours en parfaite Ã©tat avec tous ses accessoires.
- 0 dÃ©faut mÃ©canique/Ã©lectrique
- quelques retouches au niveau de la tole Ã  prÃ©voir.
 n.b : tous les entretiens sont effectuÃ©s chez fixe & go",null,Essence,4Â CV,MÃ©canique,Gris charbon,null
Iveco,Daily,47000,254000,2008,Tunis,null,camion plateau daily 35 c15 importer en 2012 premiere main,null,Diesel,10 CV,MÃ©canique,*****,null
Mitsubishi,Autre ModÃ¨le,37800,44000,2020,Ariana,null,"voiture familiale neuve 
entretien chez maison mÃ¨re.
tel 25000981",null,Essence,4Â CV,MÃ©canique,Rouge,null
Renault,Master,25000,188000,2010,Ariana,null,"f3300 l2h2 diesel 8cv ~185000km  cylindrÃ©e 2 299 cm3 type traction : avant boÃ®te de vitesse : boÃ®te manuelle, 6 vitesses type : fourgon nombre de portes : 4 nombre de siÃ¨ges : 3 pneu av : 225/65 r16 pneu ar : 225/65 r16 cloison complÃ¨te tÃ´lÃ©e porte latÃ©rale droite coulissante tÃ´lÃ©e porte ar 180Â° tÃ´lÃ©es accoudoir av rangement central de planche de bord rangement porte av lÃ¨ve-vitres av Ã©lectriques (impulsionnel Ã  la descente cÃ´tÃ© conducteur) volant rÃ©glable en hauteur direction assistÃ©e  1Ã¨re m.e.c.: 30/12/2010 importÃ© de france en 2015  prix : 25,000 tnd (prix du neuf Ã  partir de 30,000Â€ pour ce modÃ¨le)  *prix nÃ©gociable uniquement si sÃ©rieux* *echange possible avec vÃ©hicule de prix similaire*  ne pas appeler Ã  partir de 21h ou avant 7h svp   keywords: stafet staffet stafett staffett stafette staffette estafet estaffet estaffett estaffette estaffete estafette fourgon camion camionnette utilitaire iveco isuzu jumper daily Ø´Ø§Ø­Ù†Ø© ÙƒÙ…ÙŠÙˆÙ† Ø³ØªØ§ÙØ§Øª",null,Diesel,8 CV,MÃ©canique,Blanc,null
Peugeot,206+,23800,132000,2012,Ben arous,null,"a vendre 206+ , climat7isÃ©e,bien entretenue,1er main",null,Essence,4Â CV,MÃ©canique,Gris,null
Peugeot,Partner,33500,156000,2013,Ben arous,null,voiture peugeot partner 5 places,null,Essence,6Â CV,MÃ©canique,Gris mÃ©tallisÃ©,null
Mercedes,250,18000,500000,1994,Ben arous,null,mercedes  c250  elegance,null,Diesel,9 CV,MÃ©canique,NOIR,null
Volkswagen,Golf 7,46000,165000,2014,Ariana,null,"particulier vend golf 7 modÃ¨le smart line 1.2 tsi essence 5 cv modÃ¨le 2015 1ere main, jamais accidentÃ©e, trÃ¨s bien entretenue, excellent Ã©tat, aucune consommation d'huile moteur, roue de secours jamais utilisÃ©e, plaquettes et disque de frein neufs, batterie neuf,  vidange faite + filtres, systÃ¨me d'alarme et radar de recul, Ã©cran tactile, commandes au volant, jantes alliage d'origine, 4 vitres Ã©lectrique, climatronique bi-zone en excellent Ã©tat de marche...  modÃ¨le 2015 , 165mkm
aucun frais Ã  prÃ©voir",null,Essence,5Â CV,MÃ©canique,Noir,null
Volkswagen,Golf 7,46000,165000,2014,Ariana,null,"particulier vend golf 7 modÃ¨le smart line 1.2 tsi essence 5 cv modÃ¨le 2015 1ere main, jamais accidentÃ©e, trÃ¨s bien entretenue, excellent Ã©tat, aucune consommation d'huile moteur, roue de secours jamais utilisÃ©e, plaquettes et disque de frein neufs, batterie neuf,  vidange faite + filtres, systÃ¨me d'alarme et radar de recul, Ã©cran tactile, commandes au volant, jantes alliage d'origine, 4 vitres Ã©lectrique, climatronique bi-zone en excellent Ã©tat de marche...  modÃ¨le 2015 , 165mkm aucun frais Ã  prÃ©voir",null,Essence,5Â CV,MÃ©canique,Noir,null
Peugeot,Autre ModÃ¨le,32000,85000,2019,Tunis,null,av peugeot 301 en parfait etat toutes options,null,Essence,5Â CV,MÃ©canique,MARRON,null
Audi,80,10000,500000,1983,Tunis,null,"a vendre audi 80 essence ancien modÃ¨le annÃ©e 1983, 7 cv, boite 4 vitesses, prix: 10000 dinars. tÃ©l: 94657131.",null,Essence,7 CV,MÃ©canique,gris,null
Ssangyong,Family,67500,55000,2018,Sousse,null,voiture corÃ©enne -moteur mercedes-premiÃ¨re main -toutes options -annÃ©e 2018-7cv-boite 6 vitesses -essence -55000km-avec carnet dÂ’entretien Ã  la maison ssangyong -camÃ©ra  -radar de recul-ordinateur de bord-volant cuir multi fonctions-rÃ©gulateur de vitesse -3 modes de conduite -capteur de lumiÃ¨re -capteur de pluie -abs-esp-antipatinage-climatisation automatique -feux de position led-antibrouillards -jantes alliages -airbag-4 vitres Ã©lectriques -rÃ©troviseurs Ã©lectriques rabattables-rÃ©troviseur intÃ©rieur antiÃ©bluissement-grand Ã©cran tactile -kit tÃ©lÃ©phone main libre-bluetooth -entrÃ©es :usb -hdmi -12v-vitres tintÃ©es-voiture non fumeur- etcÂ….,null,Essence,7 CV,MÃ©canique,Gris charbon,null
Fiat,Grande Punto,24500,166000,2011,Tunis,null,"Ã  vendre fiat grande punto 
â— mise en circulation en 07/2011
â— prix : 24 500 dinars nÃ©gociable
â— kilomÃ©trage: 166 000 km
â— deuxiÃ¨me main
â— 5 chevaux fiscaux
â— 4 cylindres
â— deux vitres Ã©lectriques 
â— lecteur cd
â— commande au volant multifonctions 
â— airbag, abs, climatisation
â— boite manuelle 1.2l.
nb:
mÃ©canique bien entretenue",null,Essence,5Â CV,MÃ©canique,Gris,null
Peugeot,206+,23500,145000,2009,Ariana,null,206 plus noire 145 klm,null,Essence,4Â CV,MÃ©canique,Noire,null
Mg,Autre ModÃ¨le,37000,150000,2018,Tunis,null,mg gt boite auto couleur noir en bon etat,null,Essence,6Â CV,Automatique,noir,null
Volkswagen,Passat,52000,150000,2017,Tunis,null,vw passat boite manuelle bon etat couleur noir,null,Essence,7Â CV,MÃ©canique,noir,null
Mercedes,E,98000,150000,2015,Tunis,null,mercedes tres bon etat boite automatic,null,Essence,9Â CV,Automatique,noir,null
Volkswagen,Autre ModÃ¨le,50000,16644,2019,Ben arous,null,Ã  vendre volkswagen polo 8 30.12.2019 essence 04 ch systÃ¨me d'antiblocage des roues abs  direction assistÃ©  Ã©clairage de jour Ã  led jante en acier 14 kilomÃ©trage : 16644 couleur : bleu sÃ©rie : 214 prix : 50000 dt prix fixe  tÃ©l : 50662400,null,Essence,4Â CV,MÃ©canique,Bleu,null
Autre Marque,Autre ModÃ¨le,1900,280000,2009,Ariana,null,iveco c11 mÃ©canique trÃ¨s bonne Ã©tat retouche accessoires ctt numÃ©ro : 55 430 096 / sÃ©rie : 149tu****,null,Diesel,11Â CV,MÃ©canique,Blanc,null
Peugeot,404,15000,280000,1962,Tunis,null,"Ã  vendre peugeot 404 collection,
couleur noire, Ã©tat dÂ’origine usine,
moteur essence d'origine en bonne fonctionnement, puissance fiscale 9 chauveaux
carrosserie berline, accessoires dÂ’origine,
toit ouvrant, carte grise date de premiÃ¨re mise en circulation 03/04 /1962,
la voiture est en bon Ã©tat de conduite, avec assurance, la voiture est avec ses papiers complets. prix 15 miles dinars. 
tÃ©lÃ©phone   98631635",null,Essence,9Â CV,MÃ©canique,Noir,null
Hyundai,Autre ModÃ¨le,69000,6650,2022,Ariana,null,a vendre ce beau hyundai i20 en parfait Ã©tat (presque neuf). boÃ®te auto + plein d'autres options. nÃ©gociable,null,Essence,5 CV,MÃ©canique,blanche,null
Peugeot,404,15000,6650,1962,Tunis,null,"un bon affaire pour les passionnants des voitures de collection  Ã  vendre peugeot 404 collection, couleur noire, Ã©tat dÂ’origine usine, moteur essence d'origine en bonne fonctionnement, puissance fiscale 9 chauveaux carrosserie berline accessoires dÂ’origine, toit ouvrant, carte grise date de premiÃ¨re mise en circulation 03/04 /1962, la voiture est en bon Ã©tat de conduite,  avec assurance,  la voiture est avec ses papiers complets.  prix 15 miles dinars.  tÃ©lÃ©phone  98631635",null,Essence,9 CV,MÃ©canique,Noir,null
Chevrolet,CRUZE,39000,95000,2018,Ariana,null,"belle voiture bien entrentenu, 4 pneu neufs, puissante et robuste.",null,Essence,7Â CV,MÃ©canique,Grise,null
Fiat,Fiorino,6500,8000,2022,Nabeul,null,cause dÃ©part a l'Ã©tranger,null,Diesel,5Â CV,MÃ©canique,Blanc,null
Volkswagen,Jetta,43000,218000,2011,Sfax,null,"je vends ma volkswagen jetta .  date de premiere circulation le 28/11/2011  1.2 tsi 105ch berline, noire, 6 cv, 4 portes, 5 places  boite manuelle 6 vitesses  options et Ã©quipements :  extÃ©rieur :  - rÃ©troviseurs Ã©lectriques  - rÃ©troviseurs rabattables  - 4vitres Ã©lectriques  - jantes aluminium  - accoudoir central  - ordinateur de bord  - volant rÃ©glable  - volant cuir  - radio cd mp3 tactile, support carte sd, aux  - climatisation automatique  -siÃ¨ges chauffants  sÃ©curitÃ© :  - direction assistÃ©e  - fermeture centralisÃ©e  - abs  - airbags latÃ©raux  - anti-patinage  - esp  - phares antibrouillard  - radar avant de dÃ©tection d'obstacles  - radar arriÃ¨re de dÃ©tection d'obstacles  - rÃ©gulateur de vitesse  -4 vitres Ã©lectriques -carnet entretien disponible",null,Essence,6 CV,MÃ©canique,Noir,null
Volkswagen,Golf 4,15000,218000,2000,Ben arous,null,golf 4 a vendre 5cv  tdi,null,Diesel,5Â CV,MÃ©canique,null,null
Mercedes,C,46500,200000,2008,Sousse,null,"mercedes c 200 w 204 kompressor annÃ©e 2008,salon cuir beige, verres fumÃ©es, Ã©tat intact sur tout les plans.voiture disponible Ã  sousse et le prix demandÃ© est lÃ©gÃ¨rement nÃ©gociable.contact par msg privÃ© ou 98404513,26688800.",null,Essence,11Â CV,Automatique,Noir,null
Mercedes,C,45000,75000,2019,Monastir,null,"a vendre une trÃ¨s belle mercedes c220 de 2019 accidentÃ©e
le tout (sans papiers) ou en piÃ¨ces dÃ©tachÃ©es.
dÃ©gÃ¢ts sur le masque avant et lÂ’avant train, tous les airbags sortis.
moteur intact et tournant (diesel, 11 cv, 75.000 km)
boite auto Ã  9 rapports intacte.
trÃ¨s bel intÃ©rieur en cuir beige condition neuve. 
inserts en bois prÃ©cieux sur les portes et le tableau de bord. 
systÃ¨me informatique en marche.
contacter le 98288819
prix a negocier",null,Diesel,11Â CV,Automatique,Verte,null
Renault,Clio,11500,75000,1998,Ariana,null,a vendre renault clio chipie 4cv en bon Ã©tat,null,Essence,4Â CV,MÃ©canique,,null
Fiat,Punto,151515,280000,2008,Ben arous,null,voiture fiat punto 3 annÃ©e 2008  toute option pour plus d'information contacter 98947382,null,Essence,5Â CV,MÃ©canique,noir,null
Fiat,Palio,8000,284000,2000,Bizerte,null,palio 1 direction assistÃ©e climatiseur en marche vitre Ã©lectrique,null,Essence,4Â CV,MÃ©canique,Gris,null
Alfa romeo,156,8700,284000,2000,Tunis,null,"dÃ©marcheur vend alfa 156 ess puiss:8cv  ann:2000 prix sacrifiÃ©: 8,700dt frais de commission:300dt",null,Essence,8Â CV,MÃ©canique,Gris,null
Fiat,Punto,16400,130000,2008,Ariana,null,plus photos sur whatsapp 22774819 : je met ma voiture fiat punto classic 3 en bonne Ã©tat couleur bleu moteur et mÃ©canique en bonne Ã©tat 5cv faible consommation sÃ©rie 133 modÃ¨le 2008 poste radio neuf climatiseur et chauffage en marche direction assistÃ©e 2 viltres Ã©lectriques tous les papiers en vigueur intÃ©rieure et carrosserie acceptable et surtout faible kilomÃ©trage prix lÃ©gÃ¨rement nÃ©gociable..,null,Essence,5Â CV,MÃ©canique,Bleu,null
Fiat,Punto,22500,96000,2014,Manouba,null,fiat punto grandi pop fin 2014 mta3kssiba,null,Essence,4Â CV,MÃ©canique,Noir,null
Peugeot,307,13000,308000,2007,Ariana,null,307 phase2 moteur b9 ex taxi,null,Diesel,5 CV,MÃ©canique,Bleu mÃ©tallisÃ©e,null
Peugeot,208,38000,69000,2018,Ariana,null,"1.1 essence 5cv, juillet  2018, climatiseur automatique bizone,  allumage automatique des feux, feu du jour avant et arriÃ¨re led, dÃ©tecteur de pluie, ecran  tactile 7 '', 4 lÃ¨ve-vitres Ã©lectriques sÃ©quentiels + fermeture Ã  distance de l'extÃ©rieur avec la clÃ©s, jantes alu, rÃ©troviseur intÃ©rieur monochrome anti Ã©blouissement, radar de recul, peinture d'origine.",null,Essence,5Â CV,MÃ©canique,orange,null
Peugeot,208,35000,93000,2016,Monastir,null,"208 sÃ©rie spÃ©ciale couleur noir, toutes options sauf cuir.
calandre et rÃ©troviseur extÃ©rieur spÃ©cial
Ã©cran tactile intÃ©rieur/protÃ©gÃ©.
camÃ©ra de recul et radar de recul
vitre Ã©lectrique 4 fenÃªtres.
retroviseur extÃ©rieur Ã©lectriquement rabattable
alarme sÃ©curitÃ© d'origine
verrouillage central
feu antibrouillard avant.
climatiseur Ã©lectronique
commandes au volant de l'autoradio/sÃ©lecteur.
volant et siege conducteur rÃ©glable en hauteur.
ajoutÃ© en plus  plaque de protection sous moteur d'origine de peugeot
peu roulÃ© : 93000 km
prix 35000 dt lÃ©gÃ¨rement nÃ©gociable.",null,Essence,5Â CV,MÃ©canique,Noir,null
Volkswagen,Polo 6,23000,118000,2006,Tunis,null,"Ã  vendre polo 6, 4 cv, annÃ©e 2006, gris mÃ©tallisÃ©.  peu roulÃ©e,118000 km au compteur, en trÃ¨s bon Ã©tat. vitres avant Ã©lectriques, climatiseur, rk7 , visible Ã  el menzah 9 sur rdv. prix : 23000,000 dt.  tel : 98303259.",null,Essence,4Â CV,MÃ©canique,GRISE METALISEE,null
Peugeot,308,33000,274000,2009,Tunis,null,"je met en vente 308hdi 1.6 model 2009 toute option alarme climatisation chaÃ®ne et pompe a eau , 4 peneu bridgestone,2disque d'origine avant avec patin et2disque arriÃ¨re origine avec patin et et 3 support moteur dorigine tous changer rÃ©cemment huile frein purger et changement huile de boite vitesse tous effectuer au stafim peugeot numÃ©ro  55 635 518",null,Diesel,5 CV,MÃ©canique,noire,null
Volkswagen,Polo 7,34000,136000,2012,Ariana,null,"vw polo 7, 1ere main, 1.4l,  4 cylindres,
peinture d'origine, excellent etat",null,Essence,5Â CV,MÃ©canique,Blanc,null
Citroen,C4,21900,194000,2006,Sfax,null,a ne pas rater!!!  a vendre c4 coupÃ© c4  3 portes juillet 2006 7cv essence 194000km trÃ¨s bonne Ã©tat  disponible Ã  sfax prix 21900 tel 28696299,null,Essence,7Â CV,MÃ©canique,Bleu MÃ©tallisÃ©,null
Citroen,Jumper,23000,212000,2012,Sfax,null,citroÃ«n jumper h3 a sfax ÙÙŠ ØµÙØ§Ù‚Ø³ annÃ©e 2012 212000 km vitres Ã©lectriques  climatisÃ©  visite technique valide en bonne Ã©tat  28696299,null,Diesel,7Â CV,MÃ©canique,Blanc,null
Peugeot,106,10000,200000,1994,Manouba,null,"106 phase 1  
sÃ©rie 81
moteur nahla semi injection 
2 portes 
2 vitres Ã©lectriques
4 chevaux  
essence 
3 cylindres     
nouvelle batterie
contact : 26 26 10 59",null,Essence,4Â CV,MÃ©canique,Rouge,null
Seat,Leon,51900,98000,2013,Sfax,null,"a vendre seat leon style toute options, boite automatique, 1Ã¨re main, en trÃ¨s bon Ã©tat, peinture dÂ’origine. tous les entretiens chez la maison seat (factures Ã  lÂ’appui).",null,Essence,6Â CV,Automatique,Blanc,null
Mercedes,Autre ModÃ¨le,350000,70000,2021,Nabeul,null,"mercedes cla 45 amg blanche tout options, pour plus d'information merci de contacter hamdi",null,Essence,37Â CV,Automatique,blanche,null
Volkswagen,Polo 6,20000,156000,2007,Ariana,null,"a vendre polo grise premiÃ¨re main
elle n'a pas circuler depuis 3 ans
climatisation et fermeture centrale",null,Essence,4Â CV,MÃ©canique,,null
Citroen,Autre ModÃ¨le,26500,102900,2016,Ariana,null,mise en circulation 07-2016  5cv - essence  1 Ã¨re main - 102 000 km  entretien Ã  la maison citroen jusquÂ’Ã  4 ans- 4 vitres Ã©lectriques- 4 hauts parleurs - bluetooth- Ã©cran afficheur- tableau de bord tungstÃ¨ne- poignÃ©es et rÃ©troviseurs couleur caisse- rÃ©gulateur et fixateur de vitesse- lecteur cd- port usb- prise jack- climatiseur - siÃ¨ge conducteur rÃ©glable en hauteur- siÃ¨ges arriÃ¨res rabattables 2/3- roue de secours jamais utilisÃ©e- feux antibrouillards,null,Essence,5 CV,MÃ©canique,Blanche,null
Nissan,Note,30000,129000,2011,Sousse,null,5 places / coffre 280 l 1332 l / mÃ©canique 5 rapports / 4 cylindre en ligne /88ch Ã  5 200 trs min / conso 5.9 l au 100 km en mixte / assistance au freinage d'urgence / abs / airbag latÃ©raux / essuie glace capteur de pluie / ordinateur de bord / air conditionnÃ© full / rÃ©gulateur de vitesse / bluetooth / phare Ã  allumage automatique / antibrouillards / prix nÃ©gociable,null,Essence,5 CV,MÃ©canique,noire,null
Autre Marque,Autre ModÃ¨le,22500,1000,1991,Tunis,null,"caravane Ã  vendre.
belle caravane bien conservÃ©e de buerstner construite en 1991 Ã  vendre au plus offrant, Ã©quipÃ©e de:
       Â• kitchenette avec Ã©vier et deux plaques de cuisson (gaz)
       Â• chauffage
       Â• systÃ¨me photovoltaÃ¯que complet 2 x 100 w
       Â• auvent sur toute la longueur de la caravane
       Â• rÃ©servoir d'eau avec pompe Ã  eau
       Â• antenne parabolique avec rÃ©cepteur et cÃ¢ble coaxial
       Â• deux bouteilles de gaz (11 litres)
       Â• cabine de douche et toilettes
       Â• chambre
       Â• salon avec table Ã  manger
       Â• penderie et nombreux placards
    Â• transat
 j'attends avec impatience vos offres Ã©quitables!
abdelaziz",null,Electrique,1Â CV,MÃ©canique,Blanc,null
Ford,Fiesta,33500,89500,2016,Ariana,null,"a vendre ford fiesta en excellent Ã©tat, 1Ã¨re main, entretien maison ford avec factures et carnet d'entretien, roue hankook achetÃ©es en juillet 2022, batterie neuve avec garantie.",null,Essence,5 CV,MÃ©canique,Blanche,null
Ford,Fiesta,28500,163000,2014,Ben arous,null,"av ford fiesta, toutes options, double clÃ©, Ã©tat noeuf, jamais accidentÃ©.",null,Essence,5Â CV,MÃ©canique,gris,null
Volkswagen,Caddy,20000,233000,2010,Ben arous,null,"av volkswagen caddy 1er main, 8cv, gazoil, clim, assistÃ©, les vittres d'origines volkswagen, double clÃ©, l'Ã©tat noeuf, jamais accidentÃ©.",null,Diesel,8Â CV,MÃ©canique,blanc,null
Volkswagen,Beetle,17000,250000,1999,Ariana,null,"Ã  vendre une new beetle moteur golf 4, trÃ¨s puissant,  2 litre,",null,Essence,8Â CV,MÃ©canique,Bleu,null
Volkswagen,Passat,56000,162000,2016,Ariana,null,a  vendre passat etat neuf contact 23275333,null,Essence,7 CV,MÃ©canique,Gris,null
Ford,Focus,38000,90000,2017,Tunis,null,"ford focus sedan ecoboost
premiÃ¨re main",null,Essence,6Â CV,MÃ©canique,gris magnetic,null
Audi,Q3,7000,35000,2014,Ben arous,null,"a vendre piÃ¨ces dÃ©tachÃ©es audi q3 boit auto annÃ©es 2014 importÃ© ; moteur , boite de vitesse , tableau , siÃ¨ges ....",null,Diesel,n.d,Automatique,gris,null
Citroen,C3,15800,340000,2004,Ben arous,null,voiture premiÃ¨re main,null,Essence,4 CV,MÃ©canique,rouge,null
Hyundai,Autre ModÃ¨le,32000,67000,2017,Tunis,null,a vendre belle hyundai  i10,null,Essence,5Â CV,MÃ©canique,Gris,null
Volkswagen,Polo 6,20500,173000,2006,Manouba,null,Ã  vendre polo 6 Ã  manouba. 4 cv / 173 mille km / essence. pour tout complÃ©ment d'information priÃ¨re de contacter le : 97 445 251.,null,Essence,4 CV,MÃ©canique,Bleu,null
Peugeot,3008,92000,77000,2019,Sfax,null,peugeot 3008 1Ã¨remain. excellent Ã©tat. entretien exclusif chez peugeot. prix nÃ©gociable,null,Essence,7Â CV,Automatique,Gris argent,null
Volkswagen,Polo 4,16700,425000,2001,Sfax,null,"a vendre polo 4 (1.4 mpi) 1Ã¨re main en trÃ¨s bon Ã©tat, avec carnet entretien Ã©quipÃ©e de :  - moteur 1.4 rÃ©cemment installÃ©  - ecran tactile android 4g 7pouces avec camÃ©ra de recul  - jantes en aluminium  - vitres Ã©lectriques avant  - climatiseur  - accoudoir avant   - alarme  - fermeture Ã  distance  prix lÃ©gÃ¨rement nÃ©gociable pour intÃ©ressÃ©s, merci de contacter 55 77 85 44.",null,Essence,4 CV,MÃ©canique,gris clair mÃ©tallisÃ©,null
Nissan,Micra,32000,60000,2018,Ariana,null,"nissan micra 
32000dt nÃ©gociable 
kilomÃ©trage : 60000km 
annÃ©e : 2018 
puissance fiscale : 5 cv 
boÃ®te manuelle 
Ã©nergie : essence 
vitres Ã©lectriques : avant 
climatisation 
connectivitÃ© : aux , usb 
contacte : 28999792 
gouvernorat : ariena",null,Essence,5Â CV,MÃ©canique,Grise,null
Volkswagen,Golf 6,37000,255000,2011,Tunis,null,"bon etat
etat d'origine",null,Essence,5Â CV,MÃ©canique,feuille d'argent,null
Renault,Clio,21000,368000,2006,Tunis,null,"clio classique 5 ch sÃ©rie 121  ,2eme main , vitres Ã©lectriques  4 nouveaux roue,  climatisÃ©  et bien entretenu . pour plus d informations ou des photos contacter tel ou whatsapp:21143905",null,Essence,5 CV,MÃ©canique,gris,null
Ford,Focus,40000,112000,2016,Tunis,null,le prix est nÃ©gociable,null,Essence,6Â CV,MÃ©canique,rouge,null
Volkswagen,Passat,23000,240000,2001,Ben arous,null,passat b5 trÃ¨s bien entretenue,null,Diesel,5Â CV,MÃ©canique,Gris,null
Renault,Kangoo,22000,454778,2003,Ariana,null,voiture en trÃ¨s bon Ã©tat,null,Essence,6Â CV,MÃ©canique,Gris,null
Fiat,Doblo,18500,255000,2014,Tunis,null,"une voiture utilitaire en parfait Ã©tat.
chaine changÃ©e rÃ©cemment.
retapÃ©e en similicuir.
4 roues changÃ©es
bien entretenue, vidange complet dÃ©jÃ  fait.
climatiseur en marche.",null,Diesel,5Â CV,MÃ©canique,Gris,null
Suzuki,Autre ModÃ¨le,31000,68700,2018,Tunis,null,dame vend suzuki celerio 1Ã¨re main. essence. grise. 68700 km. climatisation. direction assistÃ©e. economique Ã  31000dt,null,Essence,4Â CV,MÃ©canique,Grise,null
Mg,ZS,60000,86000,2019,Ariana,null,voiture neuve et en trÃ¨s bon Ã©tat,null,Essence,n.d,MÃ©canique,Grise,null
Peugeot,208,26800,160000,2015,Tunis,null,Ã  vendre 208 trÃ¨s bonne Ã©tat,null,Essence,5 CV,MÃ©canique,gris,null
Fiat,Grande Punto,16800,220000,2012,Tunis,null,Ã  vendre grande punto trÃ¨s bonne Ã©tat,null,Essence,5Â CV,MÃ©canique,noir,null
Chevrolet,CRUZE,53000,43000,2017,Tunis,null,vend chevrolet lt cruz noir diamon nouveau modelÃ© trÃ¨s peu rouler trÃ¨s faible kilomÃ©trage 43000 toute option mise en circulation 10/08/2017 pris 53000 a dÃ©battre une vraie berline Ã©lÃ©gante convient famille avec coffre 470 litre courtier s abstenir.tel 24 333 285.,null,Essence,7Â CV,MÃ©canique,NOIR,null
Suzuki,Autre ModÃ¨le,26000,107000,2017,Le Kef,null,"a vendre suzuki celerio  sÃ©rie 197 
*tt options
*4 cv
*05/2017
*107000km
*clÃ© double
*jante alu",null,Essence,4Â CV,MÃ©canique,Gris,null
Hyundai,Autre ModÃ¨le,33500,100000,2016,Ariana,null,a vendre hyundai i 10 sedan tts optes prix 33500 d tel 52 340 604,null,Essence,5Â CV,MÃ©canique,noir,null
Audi,A4,48000,253600,2013,Ariana,null,a vendre audi a4 tfsi boite automatique  essence modÃ¨le 2013 en bonne Ã©tat et plus d'informations appeler sur 29 388 480,null,Essence,7Â CV,Automatique,Blanc,null
Audi,A4,42500,200000,2010,Tunis,null,"energie : essence boÃ®te de vitesses : manuelle kilomÃ©trage : 200 000km puissance fiscale : 9 cv puissance rÃ©elle : 160 ch / 118 kw consommation :  cycle urbain : 9,5 l/100km extra urbain : 5,6 l/100km mixte : 7,1 l/100km date de mise en circulation : fÃ©vrier 2010  Ã©quipement: -	sellerie cuir -	bois  -	radio cd mp3 -	kit mains-libres bluetooth -	prise usb -	ordinateur de bord -	 -	capteur de pluie et de luminositÃ© -	rÃ©gulateur de vitesse -	phares xÃ©non + led -	jantes alu -	radar de recul -	banquette 1/3-2/3 -	clim automatique -	direction assistÃ©e -	verrouillage centralisÃ© des portes -	4 vitres Ã©lectriques -	volant rÃ©glable en profondeur et hauteur -	abs -	airbags frontaux -	airbags latÃ©raux avant -	airbags rideaux -	antipatinage -	esp    dernier entretien Ã  195 000km: -	4 pneus neufs  -	4 amortisseurs neufs  -	4 disques de frein neufs -	plaquettes neuves -	tetes de cardans neuvess -	bras de suspendions neufs -	bras de directions neufs -	biellettes de suspensions neuves  vidange (filtres et huile Ã  200 000km)",null,Essence,9Â CV,MÃ©canique,Gris,null
Great Wall,Great Wall M4,45000,43000,2019,Ariana,null,"femme vend une great wall m4 , trÃ¨s faible kilomÃ©trage 43000 prix 45000 ,tel 58157095  boÃ®te manuellecouple 130 nm - 4000 tr/mincylindrÃ©e 1497 cm3energie essencenombre de cylindres 4nombre de rapports 5puissance (ch.din) 94 chpuissance fiscale 6 cvtransmission traction
 puissance et consommation
 consommation mixte 7.2 l/100 km
 carrosserie
 carrosserie suvhauteur 1617largeur 1728longueur 3961nombre de places 5nombre de portes 5volume du coffre 232 l
 equipements extÃ¨rieurs
 antibrouillards ,barres de toit ,elÃ©ments extÃ©rieurs couleur carrosserie pare-chocs, rÃ©troviseursfeux de position Ã  led avantjantes en aluminium, 16",null,Essence,6Â CV,MÃ©canique,Rouge,null
Fiat,Tipo,46000,55000,2019,Tunis,null,a vendre fiat tipo excellent Ã©tat avec faible kilomÃ©trage climatiseur vitre Ã©lectrique entretien maison fiat,null,Essence,5 CV,MÃ©canique,BLANC,null
Honda,Autre ModÃ¨le,27800,88000,2017,Tunis,null,contactez moi pour une visite sur le 98216544,null,Essence,5Â CV,MÃ©canique,Rouge,null
Fiat,Fiorino,31000,56000,2018,Tunis,null,56000km /4 roues changÃ©es / barre de toit dÂ’origine / couleur grise mÃ©tallisÃ©e dÂ’origine / excellent Ã©tat 56000km/entretien chez le concessionnaire jusquÂ’au aujourdÂ’hui,null,Diesel,n.d,MÃ©canique,Gris,null
Kia,Cee'd,51000,65500,2017,Nabeul,null,"Â• energie : essence. Â• nombre de cylindres : 4. Â• nombre de rapports : 6. Â• puissance fiscale : 6  Â• peinture : noire mÃ©tallisÃ©e. Â• feux de position Ã  led : avant et arriÃ¨re. Â• autoradio : 6 haut-parleurs et commandes au volant. Â• bouton start & stop. Â• modes de conduite : normal, confort et sport. Â• ordinateur de bord. Â• sellerie : tissu. Â• siÃ¨ges avant rÃ©glables en hauteur. Â• vitres Ã©lectriques : avant/arriÃ¨re. Â• volant : cuir, multi-fonctions. Â• volant et pommeau de levier de vitesse en cuir. Â• accoudoirs : avant et arriÃ¨re. Â• clÃ© intelligente. Â• climatisation : climatronic bizone. Â• connectivitÃ© : aux, bluetooth et usb. Â• direction assistÃ©e. Â• fermeture centralisÃ©e : Ã  distance. Â• frein de parking Ã©lÃ©ctrique. Â• radar de stationnement : avant et arriÃ¨re. Â• rÃ©gulateur de vitesse : limiteur de vitesse. Â• rÃ©troviseurs extÃ©rieurs : Ã©lectriques, rabattables et avec clignotants intÃ©grÃ©s. Â• siÃ¨ges : rÃ©glage lombaire. Â• volant rÃ©glable : en hauteur et en profondeur. Â• abs. Â• airbags : frontaux, latÃ©raux et rideaux. Â• alarme antivol Â• anti-dÃ©marrage Ã©lectronique. tel : 98300324",null,Essence,6Â CV,MÃ©canique,noir,null
Peugeot,207,25000,202000,2012,Ariana,null,a vendre une belle 207 phase 2 tte options 5cv propriÃ©taire direct,null,Essence,5Â CV,MÃ©canique,Gris charbon,null
Mercedes,C,27000,388000,2002,Ben arous,null,pas sÃ©rieux s'abstenir,null,Diesel,7Â CV,MÃ©canique,noir,null
Nissan,Micra,34500,99928,2020,Nabeul,null,belle voiture mta3 mra 5arja la france t7eb tbi3 premiÃ¨re main kol chay original prix a discuter .... nthifa barcha,null,Essence,5 CV,MÃ©canique,blanc,null
Peugeot,106,7500,99928,1997,Tunis,null,a vendre voiture 106 peugeot deux portes moteur en trÃ¨s bon Ã©tat prix 7500d tel 21685934,null,Essence,4Â CV,MÃ©canique,Bleu,null
Mercedes,GL,125000,50000,2019,Ariana,null,"a vendre mercedes gla-180 importÃ©e dÂ’europe, 07 cv fiscaux essence, boite Ã  06 vitesses, 1Ã¨re mise en circulation mai 2019, garde au sol relevÃ©e, phares led hautes performances, kit main libre, intÃ©rieur cuir artico beige sahara, siÃ¨ges confort, volant multifonctions en cuir, alarme intÃ©grÃ©e, jantes aluminium 17 pouces, climatronic, systÃ¨me dÂ’assistance au parking, 50.000 km au compteur, vitres Ã©lectriques av et ar, start/stop, airbags, aucune dÃ©pense Ã  prÃ©voir.
uniquement pour personnes disposant dÂ’un fcr.",null,Essence,7Â CV,MÃ©canique,noire,null
Volkswagen,Jetta,26500,300000,2010,Tunis,null,"âœ…ï¸vw jetta 1.9 tdiğŸ’¯
âœ…ï¸modÃ¨le 2010. 
âœ…ï¸kilomÃ©trage : 300000
ğŸ¤‘prix : 26500
âš ï¸visible Ã  : zarzis et tunis. 
ğŸ¥°une voiture nerveuse, robuste, stable en bonne Ã©tat gÃ©nÃ©ral, bien entretenue. ğŸ’¯
âœŒï¸siÃ©ge rÃ©glable en hauteur et en profondeur âœŒï¸
ğŸ‘Œtissu : similicuir. ğŸ‘Œ
âœ…ï¸4 vitres Ã©lectriques. ğŸ‘
âœ…ï¸fermeture Ã  distance. 
âœ…ï¸feux antibrouillard.
âœ…ï¸ accoudoir avant.
âœ…ï¸ radar de recul.
âœ…ï¸rÃ©troviseur Ã©lectrique.
  â›”ï¸climatiseur : compresseur Ã  changer ğŸ˜”
 tel : 50.947.402.",null,Diesel,6Â CV,MÃ©canique,Grise,null
Peugeot,407,19000,20000,2007,Tunis,null,"a vendre peugeot 407
9 cheveaux
essence
annee 2007
trl 26253089",null,Essence,9Â CV,MÃ©canique,Noir,null
Renault,Megane,19000,300000,2006,Manouba,null,a vendre megane casquette phase 2 diesel tt options avec toit ouvrant et 4 vitres Ã©lectriques,null,Diesel,5Â CV,MÃ©canique,Noir,null
Kia,Rio,39500,40000,2013,Tunis,null,"kia rio coupÃ© 1 ere main , etat comme neuf, 40000 km, gente aluminium,  tt les entretiens Ã  la maison kia... pour plus d info veuillez m appeler sur 20557553",null,Essence,5 CV,MÃ©canique,bleu,null
Renault,Clio,17500,370000,2002,Ariana,null,voiture propre  tte options  en trÃ©s bon Ã©tat,null,Essence,4Â CV,MÃ©canique,rouge,null
Volvo,S60,28000,238000,2009,Ariana,null,"moteur 5 cylindres 
2 l essence 
boÃ®te automatique
optiques xÃ©non 
abs esp
climatiseur mi-zone
jantes alliages 16 pouces
 intÃ©rieur cuir noir 
rÃ©troviseur Ã©lectrique 
dÃ©tecteur de pluie
4 vitres Ã©lectriques
siÃ¨ges avants chauffants
siÃ¨ge conducteur rÃ©glable et motorisÃ©
238k de kilomÃ©trage
annÃ©e de mise en circulation 2009",null,Essence,11Â CV,Automatique,,null
Renault,Clio,17000,265000,2000,Ben arous,null,"clio bombÃ© en trÃ¨s bonne Ã©tat (1Ã¨re main)
-direction assistÃ©
-vitre Ã©lÃ©ct
-climatisÃ©
-fermeture centrale
-airbag",null,Essence,4Â CV,MÃ©canique,gris,null
Renault,Clio,34000,125000,2014,Tunis,null,"av jolie clio dynamique tt option
1ere main 
âœ… annÃ©e 2014 
âœ… kelometrage 125000 
âœ…jante aluminium
âœ…climatronique
âœ… Ã©cran tactile 
âœ…radar de recul 
âœ… visite technique 2025 
âœ… jamais accidentÃ©e
âœ…panture d origine 
âœ… prix 34000 lÃ©gÃ¨rement a dÃ©battre
pour plus d'informations veuillez contacter
â˜ï¸ 55557366
â˜ï¸54114117",null,Essence,5Â CV,MÃ©canique,Maran,null
Peugeot,208,22222,71000,2019,Monastir,null,"peugeot 208 essence 1,2l; 4 chevaux. 
17/07/2019
71000 km
clim, vitres Ã©lectriques, bluetooth,... 
tÃ©lÃ©: 21 139 251",null,Essence,4Â CV,MÃ©canique,Blanc,null
Opel,Corsa,11500,275666,1995,Ariana,null,"oppel corsa de l'annee 1995 4 cv boite manuel 
kilometrage 275666 de couleur noir 
prix 11500 (nÃ©gociable) 
contactez karima 53566326",null,Essence,4Â CV,MÃ©canique,noir,null
Bmw,SÃ©rie 1,45000,142000,2013,Ariana,null,bon etat seulement tsantira,null,Essence,6Â CV,MÃ©canique,noir,null
Citroen,C4,29500,185000,2012,Ariana,null,1Ã¨re main - modÃ¨le 2012 - essence - 6cv 185000 km jantes alu abs direction assistÃ©e  esp 4 vitres Ã©lectriques  airbags climatisation en marche bluetooth / usb rÃ©gulateur / limitateur de vitesse volant multi fonctions accoudoir avant tel 54068822,null,Essence,6 CV,MÃ©canique,Gris shark,null
Fiat,Doblo,67000,23000,2021,Tunis,null,"premiÃ¨re main, prix nÃ©gociable pour les sÃ©rieux, vignette 2023 payÃ©e",null,Essence,6 CV,MÃ©canique,Gris Charbon,null
Hyundai,Autre ModÃ¨le,31500,80000,2018,Ariana,null,hyundai i 10 sedan en bon etat 80 000 km   tel 96 840 625,null,Essence,5Â CV,MÃ©canique,blanche,null
Fiat,Palio,17000,40000,2008,Tunis,null,"palio excellent moteur fire, 40.000 km, 4 chevaux, grise mÃ©tallisÃ©e , 1Ã¨re main, mise en circulation 2008 , sÃ©rie 130, nÂ’a pas Ã©tÃ© conduite pour un bon laps de temps, fermeture centrale, salon semi cuir noir, vitres avant Ã©lectriques, direction assistÃ©e, climatisÃ©e et chauffÃ©e, baffles pour poste mp3, airbagÂ…
prix peut Ãªtre nÃ©gociable .
a noter quÂ’il faut ramener un mÃ©canicien lors de la visite et une batterie pour vÃ©rification.
*la vente ne sera conclue que pour des particuliers sÃ©rieux et corrects.
 tÃ©l: 51 481 359",null,Essence,4Â CV,MÃ©canique,Grise mÃ©tallisÃ©e,null
Audi,Q5,68000,201000,2010,Tunis,null,"vs q5 s line quattro diesel 170 cv  en parfait Ã©tat tous les entretiens chez audi, boite auto, intÃ©rieur cuir, jante 19 pouces ...
68md
tÃ©l 98704702",null,Diesel,10Â CV,Automatique,Noir,null
Mahindra,Autre ModÃ¨le,34500,39000,2019,Ben arous,null,"mahindra kuv 100 en excellent etat , 1ere main, 39000 km",null,Essence,5Â CV,MÃ©canique,,null
Citroen,Saxo,11500,270000,2001,Ariana,null,"institutrice qui vend sa citroen saxo phase 3, 4 cylindres, rouge bordeaux, 270000 km.
prochaine visite technique en aoÃ»t prochain.
bien entretenu - besoin d'une voile de peinture.",null,Essence,4Â CV,MÃ©canique,rouge bordeaux,null
Peugeot,106,13500,216895,1999,Tunis,null,a vendre une voiture peugeot 106,null,Essence,4Â CV,MÃ©canique,,null
Dongfeng,Dongfeng S50,44000,88000,2019,Tunis,null,a vendre dongfeng s50 en excellent etat. entretenue a la maison dongfeng. premiere main.,null,Essence,6Â CV,MÃ©canique,Blanche,null
Suzuki,Autre ModÃ¨le,32900,20000,2021,Tunis,null,"a vendre une belle suzuki s-presso 1er main presque neuve 2021 encore sous garantie
faible kilomÃ©trage 20 000  km
entretien rÃ©gulier chez maison suzuki
trÃ¨s faible consommation 
consommation urbaine	3.7 l/100 km
consommation mixte	4.6 l/100 km
 aide au stationnement radar de recul , vitre electrique .....
 * tableau de bord numerique
* alarme d'origine metasystem avec dÃ©tecteur de mouvement
* peinture d'origine
* tres belle sellerie faite sur mesure 
* accoudoir avant
* vitre arriÃ¨re fumÃ© 
* climatise ......
* tapis d'origine jamai servi 
tel 92272122/ 22647270
dsiponible a bardo
pour s'informer du prix du neuf merci de contacter la societe '' car pro - 70 60 35 00'' 
(prix neuve a l'entour de 40mdt sacrifiÃ© a 32900 negociable)",null,Essence,4Â CV,MÃ©canique,Bleu,null
Nissan,Qashqai,39900,210000,2011,Tunis,null,"cause dÃ©part, Ã  vendre une qashqai j10 Ã©dition connect 2011 avec son fameux moteur k9k 110 ch / 81 kw injection directe Ã  rampe commune acquise en 2014 de france. 4 pneus rÃ©cemment changÃ©s (5000 km). toutes options sauf cuir et bouton start (edition connect). consommation moyenne rÃ©elle observÃ©e (autoroute 5.9 l/100 - ville 6.3 l/100). conduite responsable avec une moyenne de 12 000 km /an depuis 2014.
entretien rÃ©gulier, pas de rÃ©paration ni remplacement requis. vidange effectuÃ©, vignette 2023 offerte.
prix non nÃ©gociable.",null,Diesel,6Â CV,MÃ©canique,Gris,null
Mercedes,250,80000,247000,2010,Ariana,null,"je vends mercedes classe e 250 cdi, importÃ©e d'allemagne, toute option sauf toit ouvrant et camÃ©ra de recul, bva, en tres bon Ã©tat, premier main , visible sur rdv a la soukra , filtre a particule neuf il y'a 3 mois , intÃ©rieur cuir noir,",null,Diesel,12 CV,Automatique,Noir,null
Ssangyong,Rexton,45000,247000,2015,Nabeul,null,"je cherche une ssangyong rexton boite automatique diesel avec kilomÃ©trage 200 000 max.
tel : 22 75 41 72",null,Diesel,10Â CV,Automatique,,null
Fiat,Palio,10500,258939,2001,Ben arous,null,"fiat palio 4 cv  toute option anne 2001 prix raisonnable de 10500 dinars tunisien  
tÃ©lÃ©phone 24202060 
lieux tunis ben arous",null,Essence,4Â CV,MÃ©canique,gris,null
Suzuki,Autre ModÃ¨le,40000,3300,2022,Ben arous,null,"une belle voiture a vendre toute option garantie 2 ans,mise Ã©n circulation le 12/04/2022,prix negociable.",null,Essence,4Â CV,MÃ©canique,gris,null
Citroen,DS3,34000,47000,2012,Tunis,null,"je vends mon vÃ©hicule ds 3 trÃ¨s peu roulÃ©, excellent Ã©tat, entretien rÃ©gulier. trois portes, couleur rouge et toit blanc. vitres Ã©lectriques, direction assistÃ©e Ã©lectrique, rÃ©troviseurs rabattables, climatisation manuelle.",null,Essence,5Â CV,MÃ©canique,rouge,null
Fiat,Grande Punto,22700,191000,2015,Tunis,null,"je mets en vente ma voiture fiat punto grande couleur blanche 4 chevaux
agÃ©e de 8 ans tout juste avec un certificat de visite tÃ©chnique valable jusqu'au juin 2024",null,Essence,4Â CV,MÃ©canique,blanche,null
Ford,Ranger,13000,500000,2005,Tunis,null,ford ranger en bonne Ã©tat contacter 58700360,null,Diesel,10Â CV,MÃ©canique,gris,null
Honda,Autre ModÃ¨le,27500,60000,2018,Tunis,null,"premiere main, annÃ©e 2018,bon Ã©tat",null,Essence,5Â CV,MÃ©canique,Noir,null
Volkswagen,Transporter,25000,60000,2006,Nabeul,null,vendre transporteur 7cv blanc,null,Diesel,7Â CV,MÃ©canique,,null
Ford,Fiesta,23500,91000,2014,Tunis,null,"suite dÃ©cÃ¨s du propriÃ©taire, les hÃ©ritiers mettent en vente un voiture ford figo trÃ¨s bien entretenue.
- puissance fiscale: 5 ch
- climatiseur opÃ©rationnel
- alarm et fermeture centrale
- kilometrage: 91k 
 prix peu nÃ©gociable
 merci",null,Essence,5Â CV,MÃ©canique,Gris,null
Volkswagen,Golf 6,36000,164000,2009,Tunis,null,a vendre une belle golf 6 tsi boÃ®te automatique,null,Essence,9Â CV,Automatique,Noir,null
Renault,Clio,39500,76000,2015,Ariana,null,particulier met en vente renault clio toutes options excellent Ã©tat 76000 km au compteur.,null,Essence,5Â CV,MÃ©canique,Blanc,null
Mazda,Autre ModÃ¨le,47000,158900,2010,Nabeul,null,"-mise en circulation 2010
-kilomeÌtrage : 158Â 900 km
-energie : essence
-puissance fiscale : 20 cv
-7 places
-boite de vitesse automatique
-sieÌ€ges Ã©lectriques avec mÃ©moire
-sound bose
-volant en cuir multifonctions
-climatisation
-sellerie cuir
-rÃ©gulateur de vitesse
-toit ouvrant
-radar de stationnementÂ 
-jantes en aluminium 20Â”
-vignette 2023 
possibilitÃ© d'Ã©change",null,Essence,20Â CV,Automatique,Gris mÃ©tallisÃ©,null
Hyundai,Autre ModÃ¨le,27500,190000,2014,Manouba,null,"disponible
manouba
nasser
monplaisir",null,Essence,4Â CV,MÃ©canique,Gris,null
Isuzu,Trooper,11990,418000,1988,Sfax,null,en marche mais doit Ãªtre entretenu. modÃ¨le ubs52 (2.2 td turbo diesel) 9 cv diesel 418000 km sÃ©rie 54. moteur et accessoires d'origine du japon. aver porte-bagages. avec double pont (option non utilisÃ©e).,null,Diesel,9 CV,MÃ©canique,Blanc,null
Peugeot,Autre ModÃ¨le,22500,167000,2016,Ariana,null,"peugeot 301 en trÃ¨s bon Ã©tat gÃ©nÃ©ral, sÃ©rie 190, berline 5 places, 5 portes et visite technique valable jusqu'en 2024",null,Essence,5Â CV,MÃ©canique,Camel,null
Volkswagen,Polo 3,12500,250000,1997,Ben arous,null,a vendre polo 3 trÃ¨s propre,null,Essence,5Â CV,MÃ©canique,noir,null
Volkswagen,Golf 7,60000,99000,2018,Tunis,null,on met en vente une belle golf 7 annÃ©e 2018 1 er main de faible kilomÃ©trage bien entretenue chez ennakl. prix proposÃ© 60000 dt. disponible Ã  la marsa. contact 29 116 661,null,Essence,5 CV,MÃ©canique,GRIS,null
Honda,Civic,70000,83000,2016,Ariana,null,"honda civic 1.5 rs 4 cylindres 10cv-182 ch. 3 appuis tÃªtes arriÃ¨res 7 haut-parleurs commandes au volant, bluetooth, android, auto apple, car play, ipod 2 usb wifi, hdmi, Ã©cran tactile 7 pouces ,finition intÃ©rieure aluminium brossÃ© mat, sellerie cuir, toit ouvrant en verre, volant 3 branches cuir multifonctions, abs airbags frontaux, latÃ©raux et rideaux anti-patinage",null,Essence,10Â CV,Automatique,Noir,null
Renault,Symbol,24500,195000,2014,Tunis,null,"je met en vente ma propre voiture de marque renault symbole fase 2 en bon Ã©tat annÃ©e 2014, 195 000 km intact et Ã©conomique .
disponible Ã  citÃ© olympique.
prix 24500 dt .
contact : 53 691 583",null,Essence,5Â CV,MÃ©canique,beige,null
Ssangyong,Korando,42000,99000,2014,Sousse,null,"toit ouvrant, km 99000, boite mÃ©canique, en bon Ã©tat",null,Diesel,10Â CV,MÃ©canique,noire,null
Peugeot,Autre ModÃ¨le,19000,196000,2013,Sousse,null,voiture peugeot 301 tout option avec alarme en tres bon etat tout en marche...tel 23032788,null,Essence,5Â CV,MÃ©canique,Marron,null
Toyota,Hi.Lux,260000,196000,2012,Ariana,null,a vendre cable spiral toyota hiulx original tel 28341713,null,Diesel,8Â CV,MÃ©canique,,null
Mitsubishi,L 200,150000,1000,2023,Ariana,null,av la nouvelle mitsubishi l200  dans lamballage mod 2023 toute options boÃ®te automatique prix 150 md tel 22222322 ennasr2,null,Diesel,8Â CV,Automatique,Grenadine,null
Isuzu,Autre ModÃ¨le,28000,300000,2000,Ariana,null,camionnette ndhifa 11 chv a ne pas rater,null,Diesel,11Â CV,MÃ©canique,Blanc,null
Renault,Clio,11200,150000,2002,Sfax,null,"Ã  vendre clio classique berline 6 cv essence. travaux exÃ©cutÃ©s : *nouveau moteur rÃ©cemment remplacÃ©. *cardans remplacÃ©s. *nouveau disque embrayage montÃ©. *nouveau ventilateur de refroidissement remplacÃ©. maintenance Ã  prÃ©voir : *tÃ´lerie et peinture de la carrosserie. *pneus. *avant-train. *compresseu r de climatiseur existant, reste ligne de connexion avec le compresseur.  contact par tÃ©l : 97 760 373 / 24 760 373",null,Essence,6 CV,MÃ©canique,NOIR,null
Kia,Sportage,90000,87000,2017,Monastir,null,"sportage etat tres neuf francaise encore garantie kia
toute option gps jante alu.......
 des rdv apres le 11 mars
55732125
ou 0033662184543",null,Diesel,6Â CV,MÃ©canique,noir,null
Mercedes,CL,110000,72000,2014,Ben arous,null,je mets mon mercedes cla essence importÃ©e d'allemagne jamais accidentÃ©e et bien entretenue toutes options abs esp radar de recul toit ouvrant et panoramique 4 pneus neufs jante en aluminium par 18 et roue de secours supplÃ©mentaire jante en aluminium par 18 batterie ğŸ”‹ neuve et beaucoup d'autres options,null,Essence,7Â CV,MÃ©canique,Blanc,null
Renault,Symbol,22500,290000,2010,Monastir,null,"renault symbol annÃ©e 2010, direction assistÃ©e, fermeture centrale, climatisation en marche, 4 pneus neufs, trÃ¨s bon Ã©tat",null,Essence,5Â CV,MÃ©canique,gris,null
Peugeot,206,15800,354000,2003,Ben arous,null,peugeot 206--------5 cv--------4 cyl------- an 2003-----moteur et carrosserie en bon Ã©tat --------fermeture centrale--------kilomÄ—trage 354000 -----prix 15800 nÄ—gociable------tel 22579870,null,Essence,5Â CV,MÃ©canique,Bleu,null
Bmw,SÃ©rie 1,75000,95000,2017,Ariana,null,"voiture entretien maison
plus d'information 25000981
option :boÃ®te automatique, xÃ©non, radar de recul......",null,Essence,7Â CV,Automatique,Noir,null
Mercedes,C,62000,188000,2013,Tunis,null,"a vendre mercedes c180, premiÃ¨re main, excellent Ã©tat",null,Essence,9Â CV,MÃ©canique,Noir,null
Toyota,Hi.Ace,16000,750000,2001,Bizerte,null,a vendre toyota hiace type de carrosserie autres couleur du vÃ©hicule blanc puissance fiscale 2 modÃ¨le hi ace kilomÃ©trage 750 cylindrÃ©e 2.5l annÃ©e 2001 carburant diesel etat du vÃ©hicule avec kilomÃ©trage marque toyota boite manuelle ğŸ”´ contactez-nous pour plus dÂ’informations :ğŸ“   +21692008082,null,Diesel,10Â CV,MÃ©canique,BLANC,null
Ford,Focus,46000,150000,2016,Tunis,null,voiture du directeur financier d'une entreprise. tous les entretiens Ã  la maison ford. aucun dÃ©faut. chaine de distribution et batterie remplacÃ©es rÃ©cemment. etat neuf. toutes options.,null,Essence,6Â CV,MÃ©canique,Beige,null
Bmw,SÃ©rie 1,41500,298000,2012,Ben arous,null,"sÃ©rie 1 en trÃ¨s bon Ã©tat, Ã  saisir",null,Diesel,6Â CV,MÃ©canique,Noire,null
Hyundai,Autre ModÃ¨le,48000,45000,2020,Tunis,null,"hyndai i20 toutes options
km : 45000
intÃ©rieur : Ã©tat neuf
carrosserie: quelques Ã©gratignures superficielles",null,Essence,5Â CV,MÃ©canique,noir,null
Mg,Autre ModÃ¨le,97000,32000,2021,Ben arous,null,mghs bleu en trÃ©s bon Ã©tat tout options sÃ©rie 224,null,Essence,10Â CV,Automatique,bleu,null
Kia,Cerato,51000,70000,2016,Ben arous,null,"a vendre kia cerato en Ã©tat excellent faible kilomÃ©trage (70000 km)
prix 51 mille dinar peut nÃ©gociable.
 tÃ©l: 53435384/97001479",null,Essence,7Â CV,MÃ©canique,BLANCHE,null
Citroen,C2,21500,195000,2005,Sfax,null,vend une belle voiture c2 diesel boite automatique,null,Diesel,4Â CV,Automatique,noir,null
Mercedes,ML,105000,144000,2011,Ariana,null,"ml phase 2 kit amg premiÃ¨re main trÃ¨s bien entretenue. 
voiture dernier serie.tt option",null,Diesel,15Â CV,MÃ©canique,Noir,null
Volvo,XC,55000,220000,2011,Tunis,null,"premiÃ¨re main 
voiture trÃ¨s propre,tt option  sous rÃ©gime rs
prix ycompris la droit de douane",null,Diesel,10Â CV,MÃ©canique,Beige,null
Ford,Fiesta,29500,99000,2011,Tunis,null,ford fiesta premiÃ¨re main en etat neuf voiture a l'etat origine peinture de la maison vitres electriques bloo touth tÃ©lÃ©phone a main libre climatiseur en fonction connectivitÃ© aux vitres teinte d'origine fermeture centralisÃ©e disponible a l'aouina (non sÃ©rieux s'abstenir),null,Essence,5Â CV,MÃ©canique,Titanium,null
Renault,Symbol,30000,350000,2016,Tunis,null,"renault symbol berline modÃ¨le 2017 (du 05/12/2016) ,5 cv  & 350.000 km. voiture de direction en bon Ã©tat avec entretien aux normes. tout est d'origine (peinture et intÃ©rieur).tÃ©l : 24 690 237",null,Essence,5Â CV,MÃ©canique,GRIS,null
Toyota,Autre ModÃ¨le,73000,350000,2018,Tunis,null,"je mets en vente une toyota ch-r 1Ã¨re main en trÃ¨s bon Ã©tat. 
tous les entretiens sont faits chez la maison mÃ¨re toyota.
kilomÃ©trage: 93000 km
date de mise en circulation: 15 mars 2018",null,Diesel,n.d,MÃ©canique,,null
Kia,Picanto,33000,80000,2013,Ben arous,null,"cause dÃ©part Ã  l'Ã©tranger femme vend sa voiture
karhba ndhifa premiere main depuis 2013
4 cylindres et m oteur 1.2 moch cha3bia",null,Essence,4Â CV,MÃ©canique,Rouge,null
Citroen,C4,20000,288000,2010,Tunis,null,citroÃ«n c4 1Ã¨re main importÃ©e de france sÃ©ries 155 tu ... tel:  98708140 prix : 20 000 dt,null,Diesel,6 CV,MÃ©canique,Gris,null
Kia,Sportage,105000,170000,2016,Ariana,null,"kia sportage 1.7litre 2wd diesel
annÃ©e: 08/2016
couleur extÃ©rieure: noire
type de peinture: mÃ©tallisÃ©
intÃ©rieur: cuir, noir
carrosserie: suv
portes:5
siÃ¨ges:5
version pays: koree
Ã©tat: occasion / 170000 km
propriÃ©taires prÃ©c: 2
vÃ©hicule non fumeur
transmission: boÃ®te automatique mechatronic
vitesses: 7
cylindrÃ©e: 1.685 cmÂ³
carburant: diesel
equipement confort:
- accoudoir centrale
- assistant de dÃ©marrage en cÃ´te
- camÃ©ra d'aide au stationnement
- capteurs d'aide au stationnement arriÃ¨re
- capteurs d'aide au stationnement avant
- climatisation automatique, bi-zone
- dÃ©tecteur de lumiÃ¨re
- dÃ©tecteur de pluie
- rÃ©gulateur de vitesse
- rÃ©troviseurs latÃ©raux Ã©lectriques rabattables
- siÃ¨ges avant et siÃ¨ges arriÃ¨re chauffants
- siÃ¨ges arriÃ¨res 1/3
- start/stop automatique
- systÃ¨me de navigation
- toit ouvrant
- toit panoramique
- verrouillage centralisÃ© sans clÃ©
- 4 vitres Ã©lectriques / 2 arriÃ¨res teintÃ©es
- volant en cuir
- volant multifonctions
 - boite Ã  gant rÃ©frigÃ©rÃ©e
 divertissement / mÃ©dias:
- bluetooth
- dispositif mains libres
- mp3
- ordinateur de bord
- radio
- usb
- ecran tactile
- jantes alu",null,Diesel,7Â CV,Automatique,noir,null
Mg,MG,38500,143000,2017,Nabeul,null,"a vendre voiture mg-gt, 6 cv essence, boite manuelle, en trÃ¨s bon Ã©tat, premiÃ¨re main, trÃ¨s bien entretenu, mise en circulation en juillet 2017, kilomÃ©trage 143000 km, toutes options (freinage abs, jante en aluminium 16",null,Essence,6Â CV,MÃ©canique,Blanc,null
Chevrolet,Epica,25500,190000,2009,Tunis,null,chevrolet epica 2009,null,Diesel,9Â CV,MÃ©canique,NOIR,null
Dacia,Autre ModÃ¨le,11000,20000,2022,Ariana,null,"a vendre dacia dokker seire 227 gris sur laizing
transfÃ¨re du dossier est simple",null,Diesel,6Â CV,MÃ©canique,gris,null
Chevrolet,Aveo,27000,86360,2015,Ben arous,null,"chevrolet aveo, annee 2015, bien entretenue, premiere main en trÃ¨s bon Ã©tat.",null,Essence,5Â CV,MÃ©canique,Champagne,null
Citroen,Autre ModÃ¨le,48000,99800,2018,Sousse,null,"boÃ®te manuelle
couple 205 nm - 1500 tr/min
cylindrÃ©e 1199 cm3
energie essence
nombre de cylindres 3
nombre de rapports 5
puissance (ch.din) 110 ch
puissance fiscale 5 cv
transmission traction
0-100 km/h 9.3 s
consommation extra-urbaine 3.7/100 km
consommation mixte 4.3 l/100 km
consommation urbaine 5.4 l/100 km
vitesse maxi 192 km/h
carrosserie compacte
hauteur 1530
largeur 1730
longueur 4160
nombre de portes 5
volume du coffre 358 l
antibrouillards 
barres de toit 
elÃ©ments extÃ©rieurs couleur carrosserie poignÃ©es de portes
feux de position Ã  led 
jantes en aluminium, 17
magic wash
camÃ©ra de recul 
climatisation 
connectivitÃ© aux, bluetooth, usb
contrÃ´le de pression des pneus 
direction assistÃ©e oui
radar de stationnement arriÃ¨re
rÃ©gulateur de vitesse 
rÃ©troviseurs extÃ©rieurs Ã©lectriques, avec capuchons blancs/noirs
volant rÃ©glable en hauteur et en profondeur
autoradio 4 haut-parleurs
ecran tactile, 7 pouces
sellerie tissu
siÃ¨ges avant rÃ©glables en hauteur 
vitres Ã©lectriques avant
volant cuir
abs 
airbags frontaux, latÃ©raux, rideaux
airbumps 
anti-patinage esp, asr
assistance au freinage afu",null,Essence,5Â CV,MÃ©canique,Gris foncÃ©,null
Toyota,Land Cruiser,140000,240000,2006,Tunis,null,"toyota prado vx en tres bon Ã©tat, entretien 100% maison toyota,:
Â• antibrouillards
Â• Â jantes en alliage
Â• Â radar de recul
Â• Â toit ouvrant
Â• siÃ¨ges chauffants
Â• Â siÃ¨ges rÃ©glables en hauteur
Â• Â siÃ¨ges Ã©lectriques
Â• Â accoudoir avant
Â• Â accoudoir arriÃ¨re
Â• Â autoradio cd
Â• Â chargeur cd
Â• Â sellerie en cuir
Â• Â 3 appuis tÃªtes arriÃ¨res
Â• Â volant rÃ©glable hauteur/profondeur
Â• Â climatisation
Â• Â direction assistÃ©e
Â• Â fermeture centralisÃ©e
Â• Â ordinateur de bord
Â• Â vitres Ã©lectriques",null,Diesel,11Â CV,Automatique,Champagne,null
Bmw,SÃ©rie 1,42000,157000,2011,Zaghouan,null,"toit ouvrant
ecran android
camera de recul",null,Essence,7Â CV,MÃ©canique,Blanc,null
Volkswagen,Jetta,40000,192000,2011,Tunis,null,"jetta 1.6 essence 
en bon Ã©tat 
trÃ¨s bien entretenue
vente au plus offrant",null,Essence,7Â CV,MÃ©canique,Blanche,null
Mazda,3,21000,240000,2013,Gabes,null,"mazda 3 en bon Ã©tat Ã  vendre 
cause dÃ©part Ã  l'Ã©tranger.
merci de contacter hatem au numÃ©ro de tÃ©l : 21 701 847",null,Essence,6Â CV,MÃ©canique,Bleu,null
Ford,Mondeo,26000,192000,2010,Ariana,null,"ford mondeo 2009
premiÃ¨re main
entretien complet 
trÃ¨s bon Ã©tat",null,Essence,8Â CV,MÃ©canique,Noir,null
Autre Marque,Autre ModÃ¨le,500000,11111,2022,Ben arous,null,showroom bacha auto vous offre service pour le rachat immÃ©diat de votre vÃ©hicule ainsi que l'Ã©change ou la vente . pour plus de dÃ©tailles veuillez consulter notre page facebook : bacha auto achat Ã©change vente voilures d occasion en tunisie .  tel : 98630750 / 96888999,null,Essence,4Â CV,MÃ©canique,blanc,null
Toyota,Corolla,43000,160000,2015,Ariana,null,"toyota corolla diesel, moteur d4d trÃ¨s Ã©conomique moyenne de 6 l/100 km,  annÃ©e 2015, 1,4 l, 160 000 km,  boÃ®te manuelle  6 rapports, ttes options, sauf cuir et toit ouvrant, trÃ¨s bon Ã©tat, yesser ndhifa, aucunes dÃ©penses Ã  prÃ©voir, pces dÃ©jÃ  changÃ©es : pneus avant, batterie, dÃ©marreur, disques des freins et patins, essuies glaces, housse, vidange et tous les filtres effectuÃ©s il y a 2 semaines (fin janvier 2023), vignette 2023 dÃ©jÃ  payÃ©e...prix millo5or, non nÃ©gociable svp ğŸ™",null,Diesel,5Â CV,MÃ©canique,Noir,null
Bmw,Serie 7,65000,165000,2008,Ariana,null,av bmw 730d diesel mod 2008 toute options  Ã©ta neuf 165 mlk tu 219 noire occasion Ã  ne pas ratÃ© prix 65md tel 24777777 ennasr2,null,Diesel,15Â CV,MÃ©canique,Noir,null
Volkswagen,Polo 7,25200,270000,2011,Ben arous,null,"polo 7 model 2011 essence
vitre avant Ã©lectrique
climatiseur 
intÃ©rieur neuf
moteur 1.2 jamais ouvert
tÃ´le comme neuf",null,Essence,4Â CV,MÃ©canique,rouge,null
Audi,A4,11000,400000,1996,Ben arous,null,"a vendre  une voiture audi a4,   en trÃ¨s  bonne  Ã©tat  et bien
 entretenue,  prix  11500dt",null,Essence,6Â CV,MÃ©canique,Blanche,null
Renault,Clio,17000,400000,2005,Ariana,null,"Ã  vendre une clio classic deuxiÃ¨me main d'une femme,",null,Essence,5 CV,MÃ©canique,Vert,null
Hyundai,Autre ModÃ¨le,34000,184102,2010,Nabeul,null,"a vendre micro  bus  hundai h1 ,  12 places",null,Diesel,10Â CV,MÃ©canique,blanc,null
Volkswagen,Polo 6,18700,220000,2006,Tunis,null,"polo 6 noir 
moteur renouvelÃ© 
4 pneus renouvelÃ© 
2 vitres Ã©lectriques",null,Essence,4Â CV,MÃ©canique,Noir,null
Peugeot,308,24000,153000,2011,Sfax,null,"a vendre peugeot 308 toutes options, 6 cv, essence, 153000 km, couleur gris charbon, annÃ©e 2011
contactez 44148795",null,Essence,6Â CV,MÃ©canique,Gris charbon,null
Land-Rover,Discovery,175000,120000,2018,Tunis,null,discovery sport tres bon etat,null,Diesel,8Â CV,Automatique,NOIRE,null
Mercedes,A,58000,124000,2013,Ariana,null,"mercedes benz a 180,trÃ¨s propre
 ğŸ”µ options  : 
 âœ… boÃ®te : manuelle 6 rapport 
âœ… climatisation 
âœ… intÃ©rieure tissu sportif 
âœ… siÃ¨ge rÃ©glable on hauteur 
âœ… siÃ¨ges chauffants 
âœ… radar av et ar
âœ… Ã©cran  multimÃ©dia
âœ… bluetooth tÃ©lÃ©phone aux usb
âœ… dÃ©tecteur de lumiÃ¨re et de pluie
âœ… 8 airbags
âœ… abs esp ebd
âœ… mode eco systeme
âœ… volant multifonctions
âœ…feux avant et",null,Essence,6Â CV,MÃ©canique,Noir,null
