],categorie>,localisation,energie,puissance,kilometrage,mise_en_circulatiom/,couleur,boite_de_vitesse,prix,description,inseree_le,modifiee_le,adresse
[R√©f:3195160] Ford ecosport,Automobiles  > Ford  > Autre Mod√®le,Tunisie  > Ariana  > Ariana Ville  > Ariana,Essence,7 CV,62 000,24/10/2018,Noir,M√©canique,62 000 Dinar Tunisien (TND),a vendre voiture ford ecosport √©cobouste premi√®re main tr√®s propre presque neuve bien entretenue   tr√®s robuste √©conomique t√©l. 98243338,26/03/2023,26/03/2023,undefined
[R√©f:3195138] Peugeot 106 open,Automobiles ¬†>¬†Peugeot ¬†>¬†106,Tunisie ¬†>¬†Ben arous ¬†>¬†Nouvelle Medina ¬†>¬†Nouvelle Medina,Essence,4¬†CV,194 400,20/06/2002,Bleu,M√©canique,12 800¬†Dinar Tunisien (TND),"a vendre peugeot 106 open montage fran√ßaise  assist√©  ,injection, vitres avant √©lectriques, chaises pilote r√©glable, fermeture centrale, air bague, radio usb et aux ... en bonne √©tat",25/03/2023,25/03/2023,
[R√©f:3195126] Renault kadjar,Automobiles ¬†>¬†Renault ¬†>¬†Autre Mod√®le,Tunisie ¬†>¬†Ariana ¬†>¬†La Soukra ¬†>¬†La Soukra,Essence,7¬†CV,n.d,27/03/2017,Bleu roi,M√©canique,63 000¬†Dinar Tunisien (TND),"renault kadjar ann√©e 03/2017, toute option, tce, 4 roues neuves de marque michelin, import√©e en tr√®s bon √©tat",25/03/2023,25/03/2023,
[R√©f:3195120] Ford fiesta opportunit√©,Automobiles  > Ford  > Fiesta,Tunisie  > Tunis  > Cite El Khadra  > Cite El Khadra,Essence,5 CV,195 000,20/04/2006,noir,M√©canique,17 000 Dinar Tunisien (TND),"a vendre ford fiesta tr√®s bon √©tat noir 5 ch.v : essence, climatis√©e, 2 vitres avant √©lectriques. tel 56745503 / 58156025",25/03/2023,25/03/2023,undefined
[R√©f:3195110] Citroen nemo multispace 2015 a faible kilom√©trage,Automobiles ¬†>¬†Citroen ¬†>¬†Nemo,Tunisie ¬†>¬†Tunis ¬†>¬†Bab Bhar ¬†>¬†Habib Thameur,Essence,5¬†CV,81 000,01/01/2015,Marron,M√©canique,35 000¬†Dinar Tunisien (TND),"‚úÖ  k√©lometrage : 81000km ‚úÖ 1.4l essence 5cv 4 cylindres ‚úÖ 5 places ‚úÖ double cl√© üîë disponible  ‚úÖ climatiseur , radio , bip de recul  ‚òéÔ∏è 21246229",25/03/2023,25/03/2023,
[R√©f:3195106] Mazda 2 2017,Automobiles  > Mazda  > 2,Tunisie  > Ben arous  > Ezzahra  > Ezzahra,Essence,6 CV,77,25/11/2017,GRIS,M√©canique,42 000 Dinar Tunisien (TND),üåç‚ö° üáØüáµmazda 2 skyative üáØüáµ‚ö°üåé üïπ bvm ‚õΩ essence üêé 6 fiscaux üìÖ fin 2017 ‚ìÇÔ∏è 198 üìü 077000 km ‚ÄºÔ∏è certifi√© üìõ voiture en excellente √©tat üëå ‚úÖ toutes options üì≤+216 50 560 130,25/03/2023,25/03/2023,undefined
[R√©f:3189095] Bonne affaire,Automobiles  > Mahindra  > Autre Mod√®le,Tunisie  > Ariana  > Ariana Ville  > El Menzah 6,Essence,5 CV,33 000,05/03/2021,GRIS,M√©canique,37 500 Dinar Tunisien (TND),voiture mahindra kuv100 1 √®re main les entretiens sont faites a la maison.. tr√®s bonne √©tat. quelques petites retouches au para choc derri√®re. avec camera de recule. nouvelle costume pour toute la voiture. des tapis nouveau en plus.,07/03/2023,25/03/2023,undefined
[R√©f:3195043] Offrez belle touareg,Automobiles ¬†>¬†Volkswagen ¬†>¬†Touareg,Tunisie ¬†>¬†Nabeul ¬†>¬†Nabeul ¬†>¬†Nabeul,Diesel,13¬†CV,250 000,20/01/2009,Noir,Automatique,35 000¬†Dinar Tunisien (TND),bonne etat toareg  fase 2 r5 13cv,25/03/2023,25/03/2023,
[R√©f:3184521] Isuzu trooper,Automobiles  > Isuzu  > Trooper,Tunisie  > Tunis  > La Marsa  > Marsa Ennassim,Diesel,12 CV,298 000,17/07/2002,bronze,M√©canique,38 000 Dinar Tunisien (TND),"isuzu trooper - 2002 (4x4)  long 3.0 td. kilom√©trage 298000 , s√©rie 193. carburant diesel, couleur du v√©hicule bronze m√©tallis√©e. fermeture centralis√©e, vitres elec, pneus et batterie neufs. climatisation. type de carrosserie 4 x 4. double pont fonctionnel. etat du v√©hicule tr√®s bon. voiture mixte (utilitaire et 5 places) ne paie que la taxe 180 dinars. donne avec, plusieurs pi√®ces d√©tach√©es import√©es de france d'une valeur de 680 euros. visible √† la marsa . prix l√©g√®rement  n√©gociable . tel 27 777 856",20/02/2023,25/03/2023,undefined
[R√©f:3194973] Fiat  punto 3,Automobiles  > Fiat  > Punto,Tunisie  > Tunis  > El Menzah  > El Manar 2,Essence,5 CV,182 000,07/02/2009,Gris m√©tallis√©,M√©canique,17 500 Dinar Tunisien (TND),"particulier met en vente sa voiture fiat punto 3 , s√©rie 136, bon √©tat. carnet d'entretien √† jour, faible consommation, climatisation, vitres avant √©lectriques, direction assist√©e. visite technique octobre 2023 vignette 2023 pay√©e. prix : 17500 dinars. visible √† manar 2. contacter samir au : 53 058 741 (samasara s'abstenir).",25/03/2023,25/03/2023,undefined
[R√©f:3189005] Ford fiesta trend,Automobiles  > Ford  > Fiesta,Tunisie  > Ben arous  > Ezzahra  > Ezzahra,Essence,5 CV,157,17/12/2015,Noir,M√©canique,29 500 Dinar Tunisien (TND),"üöòüöó ford fiesta bvm üöóüöò  üèÅ  157,000 km üìÖ 12/2015 ‚õΩÔ∏è5 cv essence tu 186  ‚ö†Ô∏èoptions‚ö†Ô∏è   ‚ûñ 2 vitres electriques    ‚ûñ climatisation climatronic  ‚ûñ  feux x√©non ‚ûñ feux led  ‚ûñ r√©gulateur de vitesse         üíµüí≤29,500üí≤üíµ  ‚òéÔ∏èüì±50 560 130üì±‚òéÔ∏è",07/03/2023,25/03/2023,undefined
[R√©f:3185830] Voiture presque neuve,Automobiles ¬†>¬†Mg ¬†>¬†Autre Mod√®le,Tunisie ¬†>¬†Sousse ¬†>¬†Hammam Sousse ¬†>¬†El Kantaoui,Essence,9¬†CV,22 000,01/07/2022,noir,Automatique,125 000¬†Dinar Tunisien (TND),mg hs ùôèùôßùô§ùô•ùôù 0430 ‚ú™‚ú™ ‚ñ∫ modele : 2022 ‚ñ∫ kilom√©trage : 22.000 km ‚ñ∫ puissance fiscale : 9 cv ‚ñ∫ energie : essence  ‚ñ∫ camera  ‚ñ∫ x√©non / full led  ‚ñ∫ boite automatique  ‚ñ∫ interieur cuir trophy edition   ‚ñ∫ climatronic  ‚ñ∫ toit panoramique  ‚ñ∫ lumi√®re d'ambiance  ‚ñ∫ jantes 18,24/02/2023,25/03/2023,
[R√©f:3191457] Peugeot 206 gris diesel,Automobiles  > Peugeot  > 206,Tunisie  > Nabeul  > Nabeul  > Nabeul,Diesel,4 CV,n.d,01/01/2002,GRIS,M√©canique,8 900 Dinar Tunisien (TND),moteur partenaire 7cv gasoil  chaine de r√©ception (jdida bakou )  4 roues (jdod bakou)  visites technique jusqu'√† le 20/04/2023  deux vitres electriques ( avant)  fermeture centrale batterie neuve  vignette 2022 n'est pas pay√©e,14/03/2023,25/03/2023,undefined
[R√©f:3194926] Hyundai i10 populaire,Automobiles  > Hyundai  > H100,Tunisie  > Tunis  > Le Bardo  > Le Bardo,Essence,4 CV,76 000,12/10/2016,Gris fonc√©,M√©canique,31 000 Dinar Tunisien (TND),hyundai i10 d'une femme presque neuf,25/03/2023,25/03/2023,undefined
[R√©f:3186882] Renault kadjar,Automobiles  > Renault  > Autre Mod√®le,Tunisie  > Tunis  > Carthage  > Sidi Bousaid,Essence,7 CV,38 000,01/10/2019,Gris Titanuim,M√©canique,82 000 Dinar Tunisien (TND),"a vendre renault kadjar intens phase 2 1√®re main, faible kilom√©trage encore neuf et tr√®s bon √©tat toit panoramique, l√®ve vitres avant/arri√®re, ordinateur de bord, gps avec cartographie tunisienne, android auto, si√®ge arri√®re rabattable, abs, r√©gulateur de vitesse, airbag frontaux, lat√©raux et ridaux, controle de pression des pneus, pneus 19 pouces, antibrouillards, d√©tecteur de pluie, allumage auto lumi√®re, feux led, r√©troviseur √©lectrique et rabattables automatiques, radars avant, arri√®re et lat√©raux, cam√©ra de recul, volant multifonctions et cuir, climatisation auto bizone, direction assist√©e, etc. plein d'autres options",28/02/2023,25/03/2023,undefined
[R√©f:3186703] M4 1er main,Automobiles ¬†>¬†Great Wall ¬†>¬†Great Wall M4,Tunisie ¬†>¬†Ariana ¬†>¬†La Soukra ¬†>¬†Borj Louzir,Essence,6¬†CV,114 000,31/07/2017,Blanc,M√©canique,35 000¬†Dinar Tunisien (TND),a vendre : m4 bonne etat annee 2017 klm 114 mille couleur blanc. prix 35 mdt. 44 127333,27/02/2023,25/03/2023,
[R√©f:3194855] Evoque black edition se,Automobiles ¬†>¬†Land-Rover ¬†>¬†Range,Tunisie ¬†>¬†Tunis ¬†>¬†La Marsa ¬†>¬†Berge Du Lac,Diesel,8¬†CV,25 000,01/07/2020,Noir,Automatique,300 000¬†Dinar Tunisien (TND),"evoque black edition se, premiere main,   ann√©e 2020 juillet 25.000km 150 cv din 8cv diesel. vrai cuir cam√©ra 360 clear view affichage t√™te haute cockpit digital climatisation ionis√© 2 zones jantes 20 black. si√®ges conducteurs et passagers √©lectriques avec m√©moires. sonorisation m√©ridien. r√©gulateur et limiteur de vitesse. syst√®me anti collision avant et arri√®re plus d√©tecteur de franchissement de ligne. lumi√®re d'ambiance 7 couleurs toit panoramique teint√© plus de photos de l'int√©rieur serons ajouter bient√¥t",24/03/2023,24/03/2023,
[R√©f:3183841] Ford fiesta ghia,Automobiles  > Ford  > Fiesta,Tunisie  > Tunis  > El Omrane Superieur  > El Omrane Superieur,Essence,5 CV,300 000,27/04/2006,Bleu,M√©canique,18 000 Dinar Tunisien (TND),"ford fiesta ghia en tr√®s bon √©tat couleur bleu   5 ch.v : essence, climatis√©e,  2 vitres avant √©lectriques, jantes aluminium, direction assist√©e, cl√© fermeture a distance double cl√©, detecteur de pluie et lumiere automatique, airbag.. mise en circulation :27/04/ 2006 contacter 98464958",17/02/2023,24/03/2023,undefined
[R√©f:3164231] 307 cc  2 √®me main,Automobiles  > Peugeot  > 307,Tunisie  > Tunis  > Ain Zaghouan  > Ain Zaghouan,Essence,8 CV,178 000,17/06/2006,Bleu gris,M√©canique,18 700 Dinar Tunisien (TND),307 cc 2 √®me main acheter c fait 4 ans d'une vieille femme qui n'a pas trop rouler kit embrayage changer il y a une semaine  feux du jour  essui glace  automatique  r√©gulateur de vitesse  antibrouillard  d√©tecteur de pluie  feux du jour   kit ambrayage chang√© il y a une deux semaine   montage fran√ßais commande de france appelez le 98349658 ou 50777658,14/12/2022,24/03/2023,undefined
[R√©f:3194828] Avec 1ere main,Automobiles ¬†>¬†Chevrolet ¬†>¬†Aveo,Tunisie ¬†>¬†Ariana ¬†>¬†Ariana Ville ¬†>¬†Borj El Baccouche,Essence,5¬†CV,145 000,14/07/2013,Noir,M√©canique,23 000¬†Dinar Tunisien (TND),voiture 1ere main m√©decin..salon cuir..quatre pneus neufs..29810318,24/03/2023,24/03/2023,
[R√©f:3194816] Dacia dokker van lux,Automobiles ¬†>¬†Dacia ¬†>¬†Autre Mod√®le,Tunisie ¬†>¬†Ben arous ¬†>¬†Megrine ¬†>¬†Megrine,Diesel,6¬†CV,190 000,01/01/2018,blanc,M√©canique,28 000¬†Dinar Tunisien (TND),dacia dokker 84 ch matricule     : tu 201 boite              : manuel 5 vitesses mod√®le         : van lux vitr√©e jante             : 16,24/03/2023,24/03/2023,
[R√©f:3194812] Voiture d'une femme,Automobiles ¬†>¬†Peugeot ¬†>¬†206+,Tunisie ¬†>¬†Monastir ¬†>¬†Sahline ¬†>¬†Mootmar,Essence,4¬†CV,213,01/04/2012,gris m√©tallis√©,M√©canique,21 800¬†Dinar Tunisien (TND),une belle 206+ bien entretenue peinture d origine moteur d origine vitre √©lectrique avant climatiseur en marche,24/03/2023,24/03/2023,
[R√©f:3193852] Hyundai gd i10,Automobiles  > Hyundai  > Autre Mod√®le,Tunisie  > Tunis  > Le Bardo  > Le Bardo,Essence,4 CV,24 000,10/09/2019,Blanc,Automatique,40 000 Dinar Tunisien (TND),a vendre bel hyundai gd i10 bva 24000km 4cv 3cylindre clim vitre √©lectrique commande au volant radio jantes d'origine direction assist√©e..,21/03/2023,24/03/2023,undefined
[R√©f:3194807] Mercedes e 200,Automobiles ¬†>¬†Mercedes ¬†>¬†E,Tunisie ¬†>¬†Ariana ¬†>¬†Ariana Ville ¬†>¬†Ariana,Diesel,9¬†CV,58 000,10/10/2009,Noir,M√©canique,85 000¬†Dinar Tunisien (TND),mercedes e200 diesel tr√®s propre 58mille kms seulement pratiquement neuve couleur noir .....bo√Æte manuelle,24/03/2023,24/03/2023,
[R√©f:3157097] Jaguar xjl,Automobiles  > Jaguar  > Autre Mod√®le,Tunisie  > Ben arous  > Megrine  > Megrine,Essence,16 CV,94 000,06/12/2016,noire,Automatique,150 000 Dinar Tunisien (TND),"a vendre jaguar xjl 1√®re main, ann√©e 2016, tu 193, automatique, 16 cv, toutes options. prix 150.000",21/11/2022,24/03/2023,undefined
[R√©f:3194772] Hyundai solaris,Automobiles ¬†>¬†Hyundai ¬†>¬†Accent,Tunisie ¬†>¬†Ariana ¬†>¬†La Soukra ¬†>¬†Cite Elyes,Essence,6¬†CV,82 000,12/10/2017,gris,M√©canique,34 000¬†Dinar Tunisien (TND),"hyundai solaris 
toute option 
6 chevaux 
essence 
 55079943",24/03/2023,24/03/2023,
[R√©f:3194727] Une kuv 100 k8 toute neuve,Automobiles ¬†>¬†Mahindra ¬†>¬†Autre Mod√®le,Tunisie ¬†>¬†Sousse ¬†>¬†Sousse Ville ¬†>¬†Sousse,Essence,5¬†CV,3 600,27/05/2022,Noir,M√©canique,41 800¬†Dinar Tunisien (TND),je mets √† vendre ma kuv100 /k8... tr√®s peu circulee avec kilom√©trage moins que 4000...tres propre et toute neuve... 1√®re main et encore en garantie,24/03/2023,24/03/2023,
[R√©f:3190050] Citroen saxo,Automobiles  > Citroen  > Saxo,Tunisie  > Tunis  > Le Bardo  > Bouchoucha,Essence,4 CV,223 000,20/06/1998,GRIS,M√©canique,10 500 Dinar Tunisien (TND),citro√´n saxo √† vendre en tr√®s bon √©tat,10/03/2023,24/03/2023,undefined
[R√©f:3185531] Hilux toyota tayara,Automobiles  > Toyota  > Hi.Lux,Tunisie  > Ben arous  > Hammam Lif  > Hammam Lif,Diesel,10 CV,n.d,01/01/1989,Vert,M√©canique,28 000 Dinar Tunisien (TND),a vendre une camionnette bon √©tat veuillez contacter 29651533,23/02/2023,24/03/2023,undefined
[R√©f:3189149] Mazda 2 sedan,Automobiles  > Mazda  > 2,Tunisie  > Tunis  > Ain Zaghouan  > Ain Zaghouan,Essence,202 CV,140 000,01/01/2018,miel,M√©canique,42 000 Dinar Tunisien (TND),mazda 2 sedan  premi√®re main  √©dition exclusive sky active toutes options 4 vitres √©lectriques climatisation chaud froid cam√©ra de recul commande tableau de bord volant √©cran tactile bluetooth,07/03/2023,24/03/2023,undefined
[R√©f:3194581] Bonne occasion a ne pas rarer,Automobiles ¬†>¬†Mahindra ¬†>¬†Autre Mod√®le,Tunisie ¬†>¬†Tunis ¬†>¬†Ain Zaghouan ¬†>¬†Ain Zaghouan,Essence,5¬†CV,30 200,24/10/2019,Rouge,M√©canique,37 000¬†Dinar Tunisien (TND),mahindra deuxi√®me version √©cran tactile radar de recul gps r√©troviseurs rabattables  √©lectriquement vitres √©lectriques avant mechya 30200 entretien maison avec carnet d'entretien sans aucune retouche ni accident√©e,24/03/2023,24/03/2023,
[R√©f:3194558] Golf 7 smartline prix imbattable cause d√©part,Automobiles  > Volkswagen  > Golf 7,Tunisie  > Tunis  > Ain Zaghouan  > Ain Zaghouan,Essence,5 CV,110 000,11/05/2017,Noir,M√©canique,43 000 Dinar Tunisien (TND),"cause d√©part √† l'√©tranger, je mets en vente ma voiture golf 7 smartline toutes options, en tr√©s tr√©s bon √©tat, bien entretenu depuis l'achat (avec preuves), 0 accidents ou rayures ce prix est imbattable avec les options de la voiture, mais l√©g√®rement n√©gociable. merci de me contacter seulement par t√©l√©phone: 55 099 099",23/03/2023,23/03/2023,undefined
[R√©f:3194539] Suzuki ciaz,Automobiles ¬†>¬†Suzuki ¬†>¬†Autre Mod√®le,Tunisie ¬†>¬†Ben arous ¬†>¬†Rades ¬†>¬†Rades Meliane,Essence,5¬†CV,32 000,29/12/2020,Beige,M√©canique,48 000¬†Dinar Tunisien (TND),num, 58320010 / 32000 km prix 48 000 tr√®s belle voiture suzuki ciaz nouveau model premiere main en etat neuf voiture tr√®s tr√®s propre int√©rieur et ext√©rieur toute option,23/03/2023,23/03/2023
[R√©f:3194535] Clio 5 chevaux,Automobiles ¬†>¬†Renault ¬†>¬†Clio,Tunisie ¬†>¬†Tunis ¬†>¬†Ettahrir ¬†>¬†Ettahrir 1,Essence,5¬†CV,60 800,10/11/2019,blanc cristal,M√©canique,43 500¬†Dinar Tunisien (TND),"clio life plus 1.2 quatre cylindres et 5 chevaux 1√®re main , faible kilometrage 
√©quip√©e par une alarme et et un radar de recul d'origine",23/03/2023,23/03/2023,
[R√©f:3194445] Polo7 gris,Automobiles  > Volkswagen  > Polo 7,Tunisie  > Tunis  > La Marsa  > Cite Des Juges 2,Essence,4 CV,31 000,02/11/2016,null,M√©canique,36 500 Dinar Tunisien (TND),a vendre polo 7 tres propre bien entretenu  faible kilometrage mouch cha3biya gachara l√© tel 20 782142,23/03/2023,23/03/2023,undefined
[R√©f:3176119] C220 diesel,Automobiles ¬†>¬†Mercedes ¬†>¬†C,Tunisie ¬†>¬†Tunis ¬†>¬†La Marsa ¬†>¬†Marsa Safsaf,Diesel,9¬†CV,200 000,01/01/2012,Noir,M√©canique,62 000¬†Dinar Tunisien (TND),mercedes c 220 diesel kit amg - modele : 2012 - s√©rie 160 - kilom√©trage : 200mkm  -puissance fiscale : 9cv  - energie : diesel  - couleur ext√©rieure: noir  - boite vitesse manuelle 6 vitesse. moteur d'origine mercedes  98665554,22/01/2023,23/03/2023,
[R√©f:3185132] Nouvelle kia model 2023,Automobiles ¬†>¬†Kia ¬†>¬†Sportage,Tunisie ¬†>¬†Manouba ¬†>¬†Mannouba ¬†>¬†La Mannouba,Essence,10¬†CV,6 000,03/09/2022,Noir,Automatique,150 000¬†Dinar Tunisien (TND),la nouvelle kia 2023 haute gamma 8 rapport toit ouvrant jante 19 pouces chargeur telephone sans fil full led adaptif presque neuf avec les sachets,22/02/2023,23/03/2023,
[R√©f:3194192] Pm dacia duster,Automobiles  > Dacia  > Duster,Tunisie  > Nabeul  > Grombalia  > Grombalia,Diesel,5 CV,190,28/08/2017,Gris,M√©canique,45 000 Dinar Tunisien (TND),avec radar de recul¬í gps,23/03/2023,23/03/2023,undefined
[R√©f:3194190] 207 diesel,Automobiles  > Peugeot  > 207,Tunisie  > Sousse  > Sousse Jaouhara  > Sahloul,Diesel,4 CV,215,17/07/2007,Bleu/gris,M√©canique,22 000 Dinar Tunisien (TND),"je mets en vente une 207 , 4 chevaux diesel 1.4 hdi. kilom√©trage 215mil. poste radio avec √©cran tactile, feux x√©non, climatisation bizone, fermeture centrale,camera de recule... voiture tr√®s bien entretenue et surtout surtout une tr√®s faible consommation. le prix est l√©g√®rement n√©gociable.",22/03/2023,22/03/2023,undefined
[R√©f:3194186] Hyundai h350 presque,Automobiles ¬†>¬†Hyundai ¬†>¬†Autre Mod√®le,Tunisie ¬†>¬†Sfax ¬†>¬†Sfax Ville ¬†>¬†Cite Commerciale,Diesel,8¬†CV,128 000,07/03/2018,Blanc,M√©canique,62 000¬†Dinar Tunisien (TND),avendre hyundai h350 presque neuf toutes options vitre √©lectrique climatronic ordinateur de bord,22/03/2023,22/03/2023,
[R√©f:3194181] Fiat punto,Automobiles ¬†>¬†Fiat ¬†>¬†Punto,Tunisie ¬†>¬†Ben arous ¬†>¬†Ben Arous ¬†>¬†Ben Arous,Essence,4¬†CV,228 000,21/09/1998,Rouge,M√©canique,15 000¬†Dinar Tunisien (TND),a vendre fiat punto contact mohamed 90420181,22/03/2023,22/03/2023,
[R√©f:3194175] Honda hrv 2020,Automobiles ¬†>¬†Honda ¬†>¬†HR-V,Tunisie ¬†>¬†Tunis ¬†>¬†El Menzah ¬†>¬†El Manar 2,Essence,7¬†CV,40 000,12/12/2019,MAUVE GRIS,Automatique,85 000¬†Dinar Tunisien (TND),pour un admirateur de la marque honda  hr-v 1.5 l essence  presque neuve.  4 roues motrices int√©grales   fermeture centralis√©e avec commande d'origine  4 vitres √©lectriques  r√©troviseurs √©lectriques  la climatisation  les jantes avec pneus large  honda h-rv comfort 1.5 cvt  prix : 85mdt üî¥ caract√©ristiques : ‚úÖ ann√©e : 2020  ‚úÖ kilom√©trage :  40mkm üîµ caract√©ristiques techniques : ‚úÖ energie : essence  ‚úÖ puissance fiscale : 7cv ‚úÖ bo√Æte : automatique  ‚úÖ transmission : traction,22/03/2023,22/03/2023,
[R√©f:3194155] Seat leon 2019,Automobiles ¬†>¬†Seat ¬†>¬†Leon,Tunisie ¬†>¬†Tunis ¬†>¬†La Marsa ¬†>¬†El Aouina,Essence,6¬†CV,57 200,19/07/2019,Blanc,M√©canique,65 700¬†Dinar Tunisien (TND),"seat leon 2019 - 1√®re main
57 mkm
1.2 tsi (essence) 6 cv fiscaux ¬ñ 110 cv din.
finition design ¬ñ options :
6 airbags 
esc / esp
contr√¥le de pression des pneus
toit ouvrant panoramique
feu de jour √† led
volant cuir multifonctions
radar de recul
frein √† main √©lectrique + aide au d√©marrage en c√¥te
feux et essuis glaces automatiques
r√©gulateur de vitesse
climatisation automatique bi-zone
si√®ge conducteur et passager r√©glable en hauteur et en profondeur
r√©troviseur int√©rieur anti-√©blouissement
4 vitres √©lectriques √† impulsion 
ouverture et fermeture des vitres et du toit √† distance avec la cl√©
etc...",22/03/2023,22/03/2023,
[R√©f:3194126] Polo 7 1√®re main en tr√®s bon √©tat,Automobiles ¬†>¬†Volkswagen ¬†>¬†Polo 7,Tunisie ¬†>¬†Tunis ¬†>¬†El Menzah ¬†>¬†El Manar 1,Essence,4¬†CV,187 000,20/06/2011,Gris charbon,M√©canique,29 000¬†Dinar Tunisien (TND),"je mets en vente ma polo 7 en excellente √©tat.
 - voiture 1√®re main
- date de la premi√®re mise en circulation : juin 2011
- kilom√©trage : 187 000 km (11 ans et 9 mois)  
 - motorisation nerveuse et tr√®s √©conomique (moteur 1.2 essence avec 4 cv puissance fiscale)
- voiture √† l'√©tat d'origine maison : peinture, moteur, vitres et optiques avantarri√®re.
- des rideaux sont mont√©s sur les vitres avant arri√®re pour limiter les rayons uv + accoudoire central d'origine vw + poste sony 
- entretien (vidange) √† jour : prochain vidange pr√©vu √† 192 000 km (huile castrol 10w40, filtre huile et filtre √† air)
- 3 bougies d'allumage chang√©es lors du dernier vidange le 29/10/2022 + lavage moteur avec un produit sp√©cial
- essuie glace avant arri√®re chang√©s le 29/10/2022
- optiques de phares avant r√©nov√©es le 24/02/2023   
- climatiseur bien entretenu et en parfaite √©tat (charge clim + changement du filtre habitacle effectu√© en juin 2022)
- 4 roues en parfaite √©tat (chang√©s en 2021) / roue de secours en parfaite √©tat avec tous ses accessoires.
- 0 d√©faut m√©canique/√©lectrique
- quelques retouches au niveau de la tole √† pr√©voir.
 n.b : tous les entretiens sont effectu√©s chez fixe & go",22/03/2023,22/03/2023,
[R√©f:3194104] Iveco daily 35 c 15,Automobiles  > Iveco  > Daily,Tunisie  > Tunis  > El Hrairia  > El Hrairia,Diesel,10 CV,254 000,07/03/2008,*****,M√©canique,47 000 Dinar Tunisien (TND),camion plateau daily 35 c15 importer en 2012 premiere main,22/03/2023,22/03/2023,undefined
[R√©f:3193962] Attrage neuve,Automobiles ¬†>¬†Mitsubishi ¬†>¬†Autre Mod√®le,Tunisie ¬†>¬†Ariana ¬†>¬†Ariana Ville ¬†>¬†Ariana,Essence,4¬†CV,44 000,10/11/2020,Rouge,M√©canique,37 800¬†Dinar Tunisien (TND),"voiture familiale neuve 
entretien chez maison m√®re.
tel 25000981",22/03/2023,22/03/2023,
[R√©f:3193888] Renault master 3 fourgonnette dci100 confort,Automobiles  > Renault  > Master,Tunisie  > Ariana  > Raoued  > Cite El Ghazala 1,Diesel,8 CV,188 000,31/12/2010,Blanc,M√©canique,25 000 Dinar Tunisien (TND),"f3300 l2h2 diesel 8cv ~185000km  cylindr√©e 2 299 cm3 type traction : avant bo√Æte de vitesse : bo√Æte manuelle, 6 vitesses type : fourgon nombre de portes : 4 nombre de si√®ges : 3 pneu av : 225/65 r16 pneu ar : 225/65 r16 cloison compl√®te t√¥l√©e porte lat√©rale droite coulissante t√¥l√©e porte ar 180¬∞ t√¥l√©es accoudoir av rangement central de planche de bord rangement porte av l√®ve-vitres av √©lectriques (impulsionnel √† la descente c√¥t√© conducteur) volant r√©glable en hauteur direction assist√©e  1√®re m.e.c.: 30/12/2010 import√© de france en 2015  prix : 25,000 tnd (prix du neuf √† partir de 30,000¬Ä pour ce mod√®le)  *prix n√©gociable uniquement si s√©rieux* *echange possible avec v√©hicule de prix similaire*  ne pas appeler √† partir de 21h ou avant 7h svp   keywords: stafet staffet stafett staffett stafette staffette estafet estaffet estaffett estaffette estaffete estafette fourgon camion camionnette utilitaire iveco isuzu jumper daily ÿ¥ÿßÿ≠ŸÜÿ© ŸÉŸÖŸäŸàŸÜ ÿ≥ÿ™ÿßŸÅÿßÿ™",22/03/2023,22/03/2023,undefined
[R√©f:3193837] 206 plus an√©e 2011,Automobiles ¬†>¬†Peugeot ¬†>¬†206+,Tunisie ¬†>¬†Ben arous ¬†>¬†Nouvelle Medina ¬†>¬†Nouvelle Medina,Essence,4¬†CV,132 000,26/08/2012,Gris,M√©canique,23 800¬†Dinar Tunisien (TND),"a vendre 206+ , climat7is√©e,bien entretenue,1er main",21/03/2023,21/03/2023,
[R√©f:3193828] Voiture peugeot partner,Automobiles ¬†>¬†Peugeot ¬†>¬†Partner,Tunisie ¬†>¬†Ben arous ¬†>¬†Ben Arous ¬†>¬†Ben Arous,Essence,6¬†CV,156 000,01/09/2013,Gris m√©tallis√©,M√©canique,33 500¬†Dinar Tunisien (TND),voiture peugeot partner 5 places,21/03/2023,21/03/2023,
[R√©f:3063876] Mercedes  c250  elegance,Automobiles  > Mercedes  > 250,Tunisie  > Ben arous  > Ben Arous  > Ben Arous,Diesel,9 CV,500,05/04/1994,NOIR,M√©canique,18 000 Dinar Tunisien (TND),mercedes  c250  elegance,31/01/2022,21/03/2023,undefined
[R√©f:3193819] Smartline golf 7,Automobiles ¬†>¬†Volkswagen ¬†>¬†Golf 7,Tunisie ¬†>¬†Ariana ¬†>¬†Ariana Ville ¬†>¬†Cite Ennasr 1,Essence,5¬†CV,165 000,30/11/2014,Noir,M√©canique,46 000¬†Dinar Tunisien (TND),"particulier vend golf 7 mod√®le smart line 1.2 tsi essence 5 cv mod√®le 2015 1ere main, jamais accident√©e, tr√®s bien entretenue, excellent √©tat, aucune consommation d'huile moteur, roue de secours jamais utilis√©e, plaquettes et disque de frein neufs, batterie neuf,  vidange faite + filtres, syst√®me d'alarme et radar de recul, √©cran tactile, commandes au volant, jantes alliage d'origine, 4 vitres √©lectrique, climatronique bi-zone en excellent √©tat de marche...  mod√®le 2015 , 165mkm
aucun frais √† pr√©voir",21/03/2023,21/03/2023,
[R√©f:3193818] Golf 7 smart line  premi√®re main,Automobiles ¬†>¬†Volkswagen ¬†>¬†Golf 7,Tunisie ¬†>¬†Ariana ¬†>¬†Ariana Ville ¬†>¬†Cite Ennasr 1,Essence,5¬†CV,165 000,30/11/2014,Noir,M√©canique,46 000¬†Dinar Tunisien (TND),"particulier vend golf 7 mod√®le smart line 1.2 tsi essence 5 cv mod√®le 2015 1ere main, jamais accident√©e, tr√®s bien entretenue, excellent √©tat, aucune consommation d'huile moteur, roue de secours jamais utilis√©e, plaquettes et disque de frein neufs, batterie neuf,  vidange faite + filtres, syst√®me d'alarme et radar de recul, √©cran tactile, commandes au volant, jantes alliage d'origine, 4 vitres √©lectrique, climatronique bi-zone en excellent √©tat de marche...  mod√®le 2015 , 165mkm aucun frais √† pr√©voir",21/03/2023,21/03/2023,
[R√©f:3193786] 301 peugeot etat impeccable,Automobiles ¬†>¬†Peugeot ¬†>¬†Autre Mod√®le,Tunisie ¬†>¬†Tunis ¬†>¬†Ain Zaghouan ¬†>¬†Ain Zaghouan,Essence,5¬†CV,85 000,20/02/2019,MARRON,M√©canique,32 000¬†Dinar Tunisien (TND),av peugeot 301 en parfait etat toutes options,21/03/2023,21/03/2023,
[R√©f:3192551] Audi 80 1983,Automobiles  > Audi  > 80,Tunisie  > Tunis  > Cite El Khadra  > Cite Jardins,Essence,7 CV,500 000,15/10/1983,gris,M√©canique,10 000 Dinar Tunisien (TND),"a vendre audi 80 essence ancien mod√®le ann√©e 1983, 7 cv, boite 4 vitesses, prix: 10000 dinars. t√©l: 94657131.",16/03/2023,21/03/2023,undefined
[R√©f:3193761] Ssangyong tivoli xlv,Automobiles  > Ssangyong  > Family,Tunisie  > Sousse  > Sousse Jaouhara  > Sahloul,Essence,7 CV,55 000,27/02/2018,Gris charbon,M√©canique,67 500 Dinar Tunisien (TND),voiture cor√©enne -moteur mercedes-premi√®re main -toutes options -ann√©e 2018-7cv-boite 6 vitesses -essence -55000km-avec carnet d¬íentretien √† la maison ssangyong -cam√©ra  -radar de recul-ordinateur de bord-volant cuir multi fonctions-r√©gulateur de vitesse -3 modes de conduite -capteur de lumi√®re -capteur de pluie -abs-esp-antipatinage-climatisation automatique -feux de position led-antibrouillards -jantes alliages -airbag-4 vitres √©lectriques -r√©troviseurs √©lectriques rabattables-r√©troviseur int√©rieur anti√©bluissement-grand √©cran tactile -kit t√©l√©phone main libre-bluetooth -entr√©es :usb -hdmi -12v-vitres tint√©es-voiture non fumeur- etc¬Ö.,21/03/2023,21/03/2023,undefined
[R√©f:3193692] Grande punto,Automobiles ¬†>¬†Fiat ¬†>¬†Grande Punto,Tunisie ¬†>¬†Tunis ¬†>¬†Sidi El Bechir ¬†>¬†Monfleury,Essence,5¬†CV,166 000,04/07/2011,Gris,M√©canique,24 500¬†Dinar Tunisien (TND),"√† vendre fiat grande punto 
‚óè mise en circulation en 07/2011
‚óè prix : 24 500 dinars n√©gociable
‚óè kilom√©trage: 166 000 km
‚óè deuxi√®me main
‚óè 5 chevaux fiscaux
‚óè 4 cylindres
‚óè deux vitres √©lectriques 
‚óè lecteur cd
‚óè commande au volant multifonctions 
‚óè airbag, abs, climatisation
‚óè boite manuelle 1.2l.
nb:
m√©canique bien entretenue",21/03/2023,21/03/2023,
[R√©f:3193629] Peugot 206  plus,Automobiles ¬†>¬†Peugeot ¬†>¬†206+,Tunisie ¬†>¬†Ariana ¬†>¬†Ariana Ville ¬†>¬†Borj El Baccouche,Essence,4¬†CV,145 000,29/12/2009,Noire,M√©canique,23 500¬†Dinar Tunisien (TND),206 plus noire 145 klm,21/03/2023,21/03/2023,
[R√©f:3189101] Mg gt boite auto,Automobiles ¬†>¬†Mg ¬†>¬†Autre Mod√®le,Tunisie ¬†>¬†Tunis ¬†>¬†Bab Bhar ¬†>¬†Bab Bhar,Essence,6¬†CV,150 000,02/05/2018,noir,Automatique,37 000¬†Dinar Tunisien (TND),mg gt boite auto couleur noir en bon etat,07/03/2023,21/03/2023,
[R√©f:3189104] Passat boite manuelle,Automobiles ¬†>¬†Volkswagen ¬†>¬†Passat,Tunisie ¬†>¬†Tunis ¬†>¬†Bab Bhar ¬†>¬†Bab Bhar,Essence,7¬†CV,150 000,01/06/2017,noir,M√©canique,52 000¬†Dinar Tunisien (TND),vw passat boite manuelle bon etat couleur noir,07/03/2023,21/03/2023,
[R√©f:3189106] Mercedes e boite automatic,Automobiles ¬†>¬†Mercedes ¬†>¬†E,Tunisie ¬†>¬†Tunis ¬†>¬†Cite El Khadra ¬†>¬†Kheireddine Pacha,Essence,9¬†CV,150 000,09/05/2015,noir,Automatique,98 000¬†Dinar Tunisien (TND),mercedes tres bon etat boite automatic,07/03/2023,21/03/2023,
[R√©f:3193569] Volkswagen polo,Automobiles ¬†>¬†Volkswagen ¬†>¬†Autre Mod√®le,Tunisie ¬†>¬†Ben arous ¬†>¬†Mornag ¬†>¬†Mornag,Essence,4¬†CV,16 644,30/12/2019,Bleu,M√©canique,50 000¬†Dinar Tunisien (TND),√† vendre volkswagen polo 8 30.12.2019 essence 04 ch syst√®me d'antiblocage des roues abs  direction assist√©  √©clairage de jour √† led jante en acier 14 kilom√©trage : 16644 couleur : bleu s√©rie : 214 prix : 50000 dt prix fixe  t√©l : 50662400,21/03/2023,21/03/2023,
[R√©f:3193552] Iveco c11 tr√®s bonne √©tat,Automobiles ¬†>¬†Autre Marque ¬†>¬†Autre Mod√®le,Tunisie ¬†>¬†Ariana ¬†>¬†Ariana Ville ¬†>¬†Cite Jaafar,Diesel,11¬†CV,280 000,24/06/2009,Blanc,M√©canique,1 900¬†Dinar Tunisien (TND),iveco c11 m√©canique tr√®s bonne √©tat retouche accessoires ctt num√©ro : 55 430 096 / s√©rie : 149tu****,21/03/2023,21/03/2023,
[R√©f:3191628] Peugeot 404 collection,Automobiles ¬†>¬†Peugeot ¬†>¬†404,Tunisie ¬†>¬†Tunis ¬†>¬†Carthage ¬†>¬†Cartage Plage,Essence,9¬†CV,n.d,03/04/1962,Noir,M√©canique,15 000¬†Dinar Tunisien (TND),"√† vendre peugeot 404 collection,
couleur noire, √©tat d¬íorigine usine,
moteur essence d'origine en bonne fonctionnement, puissance fiscale 9 chauveaux
carrosserie berline, accessoires d¬íorigine,
toit ouvrant, carte grise date de premi√®re mise en circulation 03/04 /1962,
la voiture est en bon √©tat de conduite, avec assurance, la voiture est avec ses papiers complets. prix 15 miles dinars. 
t√©l√©phone   98631635",15/03/2023,20/03/2023,
[R√©f:3193540] Hyundai i20 presque neuf,Automobiles  > Hyundai  > Autre Mod√®le,Tunisie  > Ariana  > Ariana Ville  > El Menzah 7,Essence,5 CV,6 650,02/08/2022,blanche,M√©canique,69 000 Dinar Tunisien (TND),a vendre ce beau hyundai i20 en parfait √©tat (presque neuf). bo√Æte auto + plein d'autres options. n√©gociable,20/03/2023,20/03/2023,undefined
[R√©f:3191772] Peugeot 404 collection affaire,Automobiles  > Peugeot  > 404,Tunisie  > Tunis  > Carthage  > Cartage Plage,Essence,9 CV,n.d,03/04/1962,Noir,M√©canique,15 000 Dinar Tunisien (TND),"un bon affaire pour les passionnants des voitures de collection  √† vendre peugeot 404 collection, couleur noire, √©tat d¬íorigine usine, moteur essence d'origine en bonne fonctionnement, puissance fiscale 9 chauveaux carrosserie berline accessoires d¬íorigine, toit ouvrant, carte grise date de premi√®re mise en circulation 03/04 /1962, la voiture est en bon √©tat de conduite,  avec assurance,  la voiture est avec ses papiers complets.  prix 15 miles dinars.  t√©l√©phone  98631635",15/03/2023,20/03/2023,undefined
[R√©f:3193507] Voiture premi√®re main bien entrentenu,Automobiles ¬†>¬†Chevrolet ¬†>¬†CRUZE,Tunisie ¬†>¬†Ariana ¬†>¬†La Soukra ¬†>¬†La Soukra,Essence,7¬†CV,95 000,01/11/2018,Grise,M√©canique,39 000¬†Dinar Tunisien (TND),"belle voiture bien entrentenu, 4 pneu neufs, puissante et robuste.",20/03/2023,20/03/2023,
[R√©f:3193502] Cause d√©part,Automobiles ¬†>¬†Fiat ¬†>¬†Fiorino,Tunisie ¬†>¬†Nabeul ¬†>¬†Nabeul ¬†>¬†Nabeul,Diesel,5¬†CV,8 000,25/11/2022,Blanc,M√©canique,6 500¬†Dinar Tunisien (TND),cause d√©part a l'√©tranger , on met en vente fiat fiorino 1ere main kilom√©trage 8000  age 4mois s√©rie 233  pour toute information contacter : 22 299 067,20/03/2023,20/03/2023
[R√©f:3187542] Volkswagen jetta,Automobiles  > Volkswagen  > Jetta,Tunisie  > Sfax  > Sfax Ville  > Sfax,Essence,6 CV,218 000,28/11/2011,Noir,M√©canique,43 000 Dinar Tunisien (TND),"je vends ma volkswagen jetta .  date de premiere circulation le 28/11/2011  1.2 tsi 105ch berline, noire, 6 cv, 4 portes, 5 places  boite manuelle 6 vitesses  options et √©quipements :  ext√©rieur :  - r√©troviseurs √©lectriques  - r√©troviseurs rabattables  - 4vitres √©lectriques  - jantes aluminium  - accoudoir central  - ordinateur de bord  - volant r√©glable  - volant cuir  - radio cd mp3 tactile, support carte sd, aux  - climatisation automatique  -si√®ges chauffants  s√©curit√© :  - direction assist√©e  - fermeture centralis√©e  - abs  - airbags lat√©raux  - anti-patinage  - esp  - phares antibrouillard  - radar avant de d√©tection d'obstacles  - radar arri√®re de d√©tection d'obstacles  - r√©gulateur de vitesse  -4 vitres √©lectriques -carnet entretien disponible",02/03/2023,20/03/2023,undefined
[R√©f:3193307] Golf 04 tdi 5cv,Automobiles ¬†>¬†Volkswagen ¬†>¬†Golf 4,Tunisie ¬†>¬†Ben arous ¬†>¬†Ben Arous ¬†>¬†Ben Arous,Diesel,5¬†CV,n.d,01/01/2000,null,M√©canique,15 000¬†Dinar Tunisien (TND),golf 4 a vendre 5cv  tdi,20/03/2023,20/03/2023,
[R√©f:3193297] Mercedes c 200 kompressor,Automobiles ¬†>¬†Mercedes ¬†>¬†C,Tunisie ¬†>¬†Sousse ¬†>¬†Hammam Sousse ¬†>¬†Hammam Sousse,Essence,11¬†CV,200 000,30/06/2008,Noir,Automatique,46 500¬†Dinar Tunisien (TND),"mercedes c 200 w 204 kompressor ann√©e 2008,salon cuir beige, verres fum√©es, √©tat intact sur tout les plans.voiture disponible √† sousse et le prix demand√© est l√©g√®rement n√©gociable.contact par msg priv√© ou 98404513,26688800.",20/03/2023,20/03/2023,
[R√©f:3193278] Mercedes c200 d accident√©e,Automobiles ¬†>¬†Mercedes ¬†>¬†C,Tunisie ¬†>¬†Monastir ¬†>¬†Monastir ¬†>¬†Monastir,Diesel,11¬†CV,75 000,01/02/2019,Verte,Automatique,45 000¬†Dinar Tunisien (TND),"a vendre une tr√®s belle mercedes c220 de 2019 accident√©e
le tout (sans papiers) ou en pi√®ces d√©tach√©es.
d√©g√¢ts sur le masque avant et l¬íavant train, tous les airbags sortis.
moteur intact et tournant (diesel, 11 cv, 75.000 km)
boite auto √† 9 rapports intacte.
tr√®s bel int√©rieur en cuir beige condition neuve. 
inserts en bois pr√©cieux sur les portes et le tableau de bord. 
syst√®me informatique en marche.
contacter le 98288819
prix a negocier",19/03/2023,19/03/2023,
[R√©f:3193275] Renault clio chipie 4cv en bon √©tat,Automobiles ¬†>¬†Renault ¬†>¬†Clio,Tunisie ¬†>¬†Ariana ¬†>¬†Mnihla ¬†>¬†Jardins d'el Menzah,Essence,4¬†CV,n.d,20/01/1998,,M√©canique,11 500¬†Dinar Tunisien (TND),a vendre renault clio chipie 4cv en bon √©tat,19/03/2023,19/03/2023,
[R√©f:3193266] Voiture fiat punto 3,Automobiles ¬†>¬†Fiat ¬†>¬†Punto,Tunisie ¬†>¬†Ben arous ¬†>¬†El Mourouj ¬†>¬†El Mourouj,Essence,5¬†CV,280,21/04/2008,noir,M√©canique,151 515¬†Dinar Tunisien (TND),voiture fiat punto 3 ann√©e 2008  toute option pour plus d'information contacter 98947382,19/03/2023,19/03/2023,
[R√©f:3193259] Palio 1 direction ass clim en marche vitre √©lec,Automobiles ¬†>¬†Fiat ¬†>¬†Palio,Tunisie ¬†>¬†Bizerte ¬†>¬†Bizerte Nord ¬†>¬†Bizerte,Essence,4¬†CV,284,07/02/2000,Gris,M√©canique,8 000¬†Dinar Tunisien (TND),palio 1 direction assist√©e climatiseur en marche vitre √©lectrique,19/03/2023,19/03/2023,
[R√©f:3193254] Belle alfa 156 ess prix sacrifi√©,Automobiles ¬†>¬†Alfa romeo ¬†>¬†156,Tunisie ¬†>¬†Tunis ¬†>¬†Le Bardo ¬†>¬†Le Bardo,Essence,8¬†CV,n.d,25/11/2000,Gris,M√©canique,8 700¬†Dinar Tunisien (TND),"d√©marcheur vend alfa 156 ess puiss:8cv  ann:2000 prix sacrifi√©: 8,700dt frais de commission:300dt",19/03/2023,19/03/2023,
[R√©f:3193251] Fiat punto classic 3,Automobiles ¬†>¬†Fiat ¬†>¬†Punto,Tunisie ¬†>¬†Ariana ¬†>¬†Ariana Ville ¬†>¬†Ariana,Essence,5¬†CV,130 000,04/06/2008,Bleu,M√©canique,16 400¬†Dinar Tunisien (TND),plus photos sur whatsapp 22774819 : je met ma voiture fiat punto classic 3 en bonne √©tat couleur bleu moteur et m√©canique en bonne √©tat 5cv faible consommation s√©rie 133 mod√®le 2008 poste radio neuf climatiseur et chauffage en marche direction assist√©e 2 viltres √©lectriques tous les papiers en vigueur int√©rieure et carrosserie acceptable et surtout faible kilom√©trage prix l√©g√®rement n√©gociable..,19/03/2023,19/03/2023,
[R√©f:3193233] Fiat punto grandi pop 2014,Automobiles ¬†>¬†Fiat ¬†>¬†Punto,Tunisie ¬†>¬†Manouba ¬†>¬†Mannouba ¬†>¬†La Mannouba,Essence,4¬†CV,96 000,15/10/2014,Noir,M√©canique,22 500¬†Dinar Tunisien (TND),fiat punto grandi pop fin 2014 mta3kssiba,19/03/2023,19/03/2023,
[R√©f:3178187] A ne pas rater,Automobiles  > Peugeot  > 307,Tunisie  > Ariana  > Ariana Ville  > Ariana,Diesel,5 CV,308 000,08/06/2007,Bleu m√©tallis√©e,M√©canique,13 000 Dinar Tunisien (TND),307 phase2 moteur b9 ex taxi,29/01/2023,19/03/2023,undefined
[R√©f:3193208] Peugeot 208,Automobiles ¬†>¬†Peugeot ¬†>¬†208,Tunisie ¬†>¬†Ariana ¬†>¬†La Soukra ¬†>¬†Aeroport Tunis Carthage,Essence,5¬†CV,69 000,17/07/2018,orange,M√©canique,38 000¬†Dinar Tunisien (TND),"1.1 essence 5cv, juillet  2018, climatiseur automatique bizone,  allumage automatique des feux, feu du jour avant et arri√®re led, d√©tecteur de pluie, ecran  tactile 7 '', 4 l√®ve-vitres √©lectriques s√©quentiels + fermeture √† distance de l'ext√©rieur avec la cl√©s, jantes alu, r√©troviseur int√©rieur monochrome anti √©blouissement, radar de recul, peinture d'origine.",19/03/2023,19/03/2023,
[R√©f:3190570] 208 de femme 1iere main,Automobiles ¬†>¬†Peugeot ¬†>¬†208,Tunisie ¬†>¬†Monastir ¬†>¬†Monastir ¬†>¬†Monastir,Essence,5¬†CV,93 000,24/06/2016,Noir,M√©canique,35 000¬†Dinar Tunisien (TND),"208 s√©rie sp√©ciale couleur noir, toutes options sauf cuir.
calandre et r√©troviseur ext√©rieur sp√©cial
√©cran tactile int√©rieur/prot√©g√©.
cam√©ra de recul et radar de recul
vitre √©lectrique 4 fen√™tres.
retroviseur ext√©rieur √©lectriquement rabattable
alarme s√©curit√© d'origine
verrouillage central
feu antibrouillard avant.
climatiseur √©lectronique
commandes au volant de l'autoradio/s√©lecteur.
volant et siege conducteur r√©glable en hauteur.
ajout√© en plus  plaque de protection sous moteur d'origine de peugeot
peu roul√© : 93000 km
prix 35000 dt l√©g√®rement n√©gociable.",12/03/2023,19/03/2023,
[R√©f:3193194] Polo 6 en tr√®s bon √©tat,Automobiles ¬†>¬†Volkswagen ¬†>¬†Polo 6,Tunisie ¬†>¬†Tunis ¬†>¬†El Menzah ¬†>¬†El Menzah 9,Essence,4¬†CV,118 000,21/03/2006,GRISE METALISEE,M√©canique,23 000¬†Dinar Tunisien (TND),"√† vendre polo 6, 4 cv, ann√©e 2006, gris m√©tallis√©.  peu roul√©e,118000 km au compteur, en tr√®s bon √©tat. vitres avant √©lectriques, climatiseur, rk7 , visible √† el menzah 9 sur rdv. prix : 23000,000 dt.  tel : 98303259.",19/03/2023,19/03/2023,
[R√©f:3181554] 308hdi model2009,Automobiles  > Peugeot  > 308,Tunisie  > Tunis  > Bab Bhar  > Bab Bhar,Diesel,5 CV,274 000,03/03/2009,noire,M√©canique,33 000 Dinar Tunisien (TND),"je met en vente 308hdi 1.6 model 2009 toute option alarme climatisation cha√Æne et pompe a eau , 4 peneu bridgestone,2disque d'origine avant avec patin et2disque arri√®re origine avec patin et et 3 support moteur dorigine tous changer r√©cemment huile frein purger et changement huile de boite vitesse tous effectuer au stafim peugeot num√©ro  55 635 518",10/02/2023,19/03/2023,undefined
[R√©f:3193170] Polo 7 4 cylindres 1ere main,Automobiles ¬†>¬†Volkswagen ¬†>¬†Polo 7,Tunisie ¬†>¬†Ariana ¬†>¬†Ariana Ville ¬†>¬†Ariana,Essence,5¬†CV,136 000,20/01/2012,Blanc,M√©canique,34 000¬†Dinar Tunisien (TND),"vw polo 7, 1ere main, 1.4l,  4 cylindres,
peinture d'origine, excellent etat",18/03/2023,18/03/2023,
[R√©f:3193147] Citroen c4 coup√©,Automobiles ¬†>¬†Citroen ¬†>¬†C4,Tunisie ¬†>¬†Sfax ¬†>¬†Sfax Ville ¬†>¬†Sfax,Essence,7¬†CV,194 000,29/06/2006,Bleu M√©tallis√©,M√©canique,21 900¬†Dinar Tunisien (TND),a ne pas rater!!!  a vendre c4 coup√© c4  3 portes juillet 2006 7cv essence 194000km tr√®s bonne √©tat  disponible √† sfax prix 21900 tel 28696299,18/03/2023,18/03/2023,
[R√©f:3193122] Jumper h3 a sfax,Automobiles ¬†>¬†Citroen ¬†>¬†Jumper,Tunisie ¬†>¬†Sfax ¬†>¬†Sfax Est ¬†>¬†Cite El Habib,Diesel,7¬†CV,212 000,29/06/2012,Blanc,M√©canique,23 000¬†Dinar Tunisien (TND),citro√´n jumper h3 a sfax ŸÅŸä ÿµŸÅÿßŸÇÿ≥ ann√©e 2012 212000 km vitres √©lectriques  climatis√©  visite technique valide en bonne √©tat  28696299,18/03/2023,18/03/2023,
[R√©f:3193114] Peugeot 106,Automobiles ¬†>¬†Peugeot ¬†>¬†106,Tunisie ¬†>¬†Manouba ¬†>¬†Mannouba ¬†>¬†Denden,Essence,4¬†CV,200 000,03/05/1994,Rouge,M√©canique,10 000¬†Dinar Tunisien (TND),"106 phase 1  
s√©rie 81
moteur nahla semi injection 
2 portes 
2 vitres √©lectriques
4 chevaux  
essence 
3 cylindres     
nouvelle batterie
contact : 26 26 10 59",18/03/2023,18/03/2023,
[R√©f:3193109] Seat leon style dsg,Automobiles ¬†>¬†Seat ¬†>¬†Leon,Tunisie ¬†>¬†Sfax ¬†>¬†Sfax Ville ¬†>¬†Sfax,Essence,6¬†CV,98 000,04/11/2013,Blanc,Automatique,51 900¬†Dinar Tunisien (TND),"a vendre seat leon style toute options, boite automatique, 1√®re main, en tr√®s bon √©tat, peinture d¬íorigine. tous les entretiens chez la maison seat (factures √† l¬íappui).",18/03/2023,18/03/2023,
[R√©f:3193105] Mercedes classe,Automobiles ¬†>¬†Mercedes ¬†>¬†Autre Mod√®le,Tunisie ¬†>¬†Nabeul ¬†>¬†Hammamet ¬†>¬†Zone Hoteliere,Essence,37¬†CV,70 000,19/12/2021,blanche,Automatique,350 000¬†Dinar Tunisien (TND),"mercedes cla 45 amg blanche tout options, pour plus d'information merci de contacter hamdi",18/03/2023,18/03/2023,
[R√©f:3193097] Polo premiere main,Automobiles ¬†>¬†Volkswagen ¬†>¬†Polo 6,Tunisie ¬†>¬†Ariana ¬†>¬†Ariana Ville ¬†>¬†Ariana,Essence,4¬†CV,156 000,26/06/2007,,M√©canique,20 000¬†Dinar Tunisien (TND),"a vendre polo grise premi√®re main
elle n'a pas circuler depuis 3 ans
climatisation et fermeture centrale",18/03/2023,18/03/2023,
[R√©f:3193074] C elysee 1 √®re main en tr√®s bon √©tat,Automobiles  > Citroen  > Autre Mod√®le,Tunisie  > Ariana  > La Soukra  > Chotrana 1,Essence,5 CV,102 900,15/07/2016,Blanche,M√©canique,26 500 Dinar Tunisien (TND),mise en circulation 07-2016  5cv - essence  1 √®re main - 102 000 km  entretien √† la maison citroen jusqu¬í√† 4 ans- 4 vitres √©lectriques- 4 hauts parleurs - bluetooth- √©cran afficheur- tableau de bord tungst√®ne- poign√©es et r√©troviseurs couleur caisse- r√©gulateur et fixateur de vitesse- lecteur cd- port usb- prise jack- climatiseur - si√®ge conducteur r√©glable en hauteur- si√®ges arri√®res rabattables 2/3- roue de secours jamais utilis√©e- feux antibrouillards,18/03/2023,18/03/2023,undefined
[R√©f:3193037] Nissan note,Automobiles  > Nissan  > Note,Tunisie  > Sousse  > Sousse Ville  > Cite Jaouhara,Essence,5 CV,129 000,27/10/2011,noire,M√©canique,30 000 Dinar Tunisien (TND),5 places / coffre 280 l 1332 l / m√©canique 5 rapports / 4 cylindre en ligne /88ch √† 5 200 trs min / conso 5.9 l au 100 km en mixte / assistance au freinage d'urgence / abs / airbag lat√©raux / essuie glace capteur de pluie / ordinateur de bord / air conditionn√© full / r√©gulateur de vitesse / bluetooth / phare √† allumage automatique / antibrouillards / prix n√©gociable,18/03/2023,18/03/2023,undefined
[R√©f:3140979] Caravane buerstner,Automobiles ¬†>¬†Autre Marque ¬†>¬†Autre Mod√®le,Tunisie ¬†>¬†Tunis ¬†>¬†La Marsa ¬†>¬†Berge Du Lac,Electrique,1¬†CV,1 000,03/04/1991,Blanc,M√©canique,22 500¬†Dinar Tunisien (TND),"caravane √† vendre.
belle caravane bien conserv√©e de buerstner construite en 1991 √† vendre au plus offrant, √©quip√©e de:
       ¬ï kitchenette avec √©vier et deux plaques de cuisson (gaz)
       ¬ï chauffage
       ¬ï syst√®me photovolta√Øque complet 2 x 100 w
       ¬ï auvent sur toute la longueur de la caravane
       ¬ï r√©servoir d'eau avec pompe √† eau
       ¬ï antenne parabolique avec r√©cepteur et c√¢ble coaxial
       ¬ï deux bouteilles de gaz (11 litres)
       ¬ï cabine de douche et toilettes
       ¬ï chambre
       ¬ï salon avec table √† manger
       ¬ï penderie et nombreux placards
    ¬ï transat
 j'attends avec impatience vos offres √©quitables!
abdelaziz",01/10/2022,18/03/2023,
[R√©f:3192948] Ford fiesta 1ere main en excellent √©tat,Automobiles  > Ford  > Fiesta,Tunisie  > Ariana  > Ariana Ville  > Cite Ennasr 2,Essence,5 CV,89 500,01/02/2016,Blanche,M√©canique,33 500 Dinar Tunisien (TND),"a vendre ford fiesta en excellent √©tat, 1√®re main, entretien maison ford avec factures et carnet d'entretien, roue hankook achet√©es en juillet 2022, batterie neuve avec garantie.",18/03/2023,18/03/2023,undefined
[R√©f:3164715] Av ford fiesta,Automobiles ¬†>¬†Ford ¬†>¬†Fiesta,Tunisie ¬†>¬†Ben arous ¬†>¬†El Mourouj ¬†>¬†El Mourouj,Essence,5¬†CV,163,02/07/2014,gris,M√©canique,28 500¬†Dinar Tunisien (TND),"av ford fiesta, toutes options, double cl√©, √©tat noeuf, jamais accident√©.",16/12/2022,18/03/2023,
[R√©f:3189237] Av volkswagen caddy 1er main,Automobiles ¬†>¬†Volkswagen ¬†>¬†Caddy,Tunisie ¬†>¬†Ben arous ¬†>¬†El Mourouj ¬†>¬†El Mourouj,Diesel,8¬†CV,233,04/03/2010,blanc,M√©canique,20 000¬†Dinar Tunisien (TND),"av volkswagen caddy 1er main, 8cv, gazoil, clim, assist√©, les vittres d'origines volkswagen, double cl√©, l'√©tat noeuf, jamais accident√©.",08/03/2023,18/03/2023,
[R√©f:3192916] Une belle new beetle,Automobiles ¬†>¬†Volkswagen ¬†>¬†Beetle,Tunisie ¬†>¬†Ariana ¬†>¬†Ariana Ville ¬†>¬†Ariana,Essence,8¬†CV,250 000,21/10/1999,Bleu,M√©canique,17 000¬†Dinar Tunisien (TND),"√† vendre une new beetle moteur golf 4, tr√®s puissant,  2 litre,",17/03/2023,17/03/2023,
[R√©f:3188500] Passat 1ere main,Automobiles  > Volkswagen  > Passat,Tunisie  > Ariana  > Ariana Ville  > Borj El Baccouche,Essence,7 CV,162 000,28/02/2016,Gris,M√©canique,56 000 Dinar Tunisien (TND),a  vendre passat etat neuf contact 23275333,05/03/2023,17/03/2023,undefined
[R√©f:3188068] Ford focus sedan,Automobiles ¬†>¬†Ford ¬†>¬†Focus,Tunisie ¬†>¬†Tunis ¬†>¬†Ain Zaghouan ¬†>¬†Ain Zaghouan,Essence,6¬†CV,90 000,20/12/2017,gris magnetic,M√©canique,38 000¬†Dinar Tunisien (TND),"ford focus sedan ecoboost
premi√®re main",03/03/2023,17/03/2023,
[R√©f:3192726] Moteur pi√®ces d√©tach√©es audi q3,Automobiles ¬†>¬†Audi ¬†>¬†Q3,Tunisie ¬†>¬†Ben arous ¬†>¬†Megrine ¬†>¬†Megrine,Diesel,n.d,35 000,10/08/2014,gris,Automatique,7 000¬†Dinar Tunisien (TND),"a vendre pi√®ces d√©tach√©es audi q3 boit auto ann√©es 2014 import√© ; moteur , boite de vitesse , tableau , si√®ges ....",17/03/2023,17/03/2023,
[R√©f:3192688] C3 tr√®s propre,Automobiles  > Citroen  > C3,Tunisie  > Ben arous  > Ben Arous  > Ben Arous,Essence,4 CV,340 000,07/01/2004,rouge,M√©canique,15 800 Dinar Tunisien (TND),voiture premi√®re main,17/03/2023,17/03/2023,undefined
[R√©f:3192585] Hyundai  i10,Automobiles ¬†>¬†Hyundai ¬†>¬†Autre Mod√®le,Tunisie ¬†>¬†Tunis ¬†>¬†Cite El Khadra ¬†>¬†Cite El Khadra,Essence,5¬†CV,67 000,25/08/2017,Gris,M√©canique,32 000¬†Dinar Tunisien (TND),a vendre belle hyundai  i10,16/03/2023,16/03/2023,
[R√©f:3192526] Polo 6 √† manouba,Automobiles  > Volkswagen  > Polo 6,Tunisie  > Manouba  > Mannouba  > La Mannouba,Essence,4 CV,173 000,05/01/2006,Bleu,M√©canique,20 500 Dinar Tunisien (TND),√† vendre polo 6 √† manouba. 4 cv / 173 mille km / essence. pour tout compl√©ment d'information pri√®re de contacter le : 97 445 251.,16/03/2023,16/03/2023,undefined
[R√©f:3192452] Peugeot 3008 1√®re main,Automobiles ¬†>¬†Peugeot ¬†>¬†3008,Tunisie ¬†>¬†Sfax ¬†>¬†Sfax Ville ¬†>¬†Sfax,Essence,7¬†CV,77 000,25/05/2019,Gris argent,Automatique,92 000¬†Dinar Tunisien (TND),peugeot 3008 1√®remain. excellent √©tat. entretien exclusif chez peugeot. prix n√©gociable,16/03/2023,16/03/2023,
[R√©f:3192440] Polo 4 en tr√®s bon √©tat,Automobiles  > Volkswagen  > Polo 4,Tunisie  > Sfax  > Sfax Ville  > Sfax,Essence,4 CV,425 000,13/09/2001,gris clair m√©tallis√©,M√©canique,16 700 Dinar Tunisien (TND),"a vendre polo 4 (1.4 mpi) 1√®re main en tr√®s bon √©tat, avec carnet entretien √©quip√©e de :  - moteur 1.4 r√©cemment install√©  - ecran tactile android 4g 7pouces avec cam√©ra de recul  - jantes en aluminium  - vitres √©lectriques avant  - climatiseur  - accoudoir avant   - alarme  - fermeture √† distance  prix l√©g√®rement n√©gociable pour int√©ress√©s, merci de contacter 55 77 85 44.",16/03/2023,16/03/2023,undefined
[R√©f:3192405] Nissan micra,Automobiles ¬†>¬†Nissan ¬†>¬†Micra,Tunisie ¬†>¬†Ariana ¬†>¬†La Soukra ¬†>¬†Chotrana 1,Essence,5¬†CV,60 000,12/06/2018,Grise,M√©canique,32 000¬†Dinar Tunisien (TND),"nissan micra 
32000dt n√©gociable 
kilom√©trage : 60000km 
ann√©e : 2018 
puissance fiscale : 5 cv 
bo√Æte manuelle 
√©nergie : essence 
vitres √©lectriques : avant 
climatisation 
connectivit√© : aux , usb 
contacte : 28999792 
gouvernorat : ariena",16/03/2023,16/03/2023,
[R√©f:3192404] Golf 6 bon etat,Automobiles ¬†>¬†Volkswagen ¬†>¬†Golf 6,Tunisie ¬†>¬†Tunis ¬†>¬†Le Bardo ¬†>¬†Le Bardo,Essence,5¬†CV,255 000,24/11/2011,feuille d'argent,M√©canique,37 000¬†Dinar Tunisien (TND),"bon etat
etat d'origine",16/03/2023,16/03/2023,
[R√©f:3015726] Clio en bonne √©tat,Automobiles  > Renault  > Clio,Tunisie  > Tunis  > La Marsa  > Cite Du Stade,Essence,5 CV,368 000,26/04/2006,gris,M√©canique,21 000 Dinar Tunisien (TND),"clio classique 5 ch s√©rie 121  ,2eme main , vitres √©lectriques  4 nouveaux roue,  climatis√©  et bien entretenu . pour plus d informations ou des photos contacter tel ou whatsapp:21143905",18/09/2021,16/03/2023,undefined
[R√©f:3192312] Belle voiture,Automobiles ¬†>¬†Ford ¬†>¬†Focus,Tunisie ¬†>¬†Tunis ¬†>¬†Le Bardo ¬†>¬†Le Bardo,Essence,6¬†CV,112 000,25/03/2016,rouge,M√©canique,40 000¬†Dinar Tunisien (TND),le prix est n√©gociable,16/03/2023,16/03/2023,
[R√©f:3191117] Passat b5 tr√®s propre,Automobiles ¬†>¬†Volkswagen ¬†>¬†Passat,Tunisie ¬†>¬†Ben arous ¬†>¬†El Mourouj ¬†>¬†El Mourouj,Diesel,5¬†CV,240 000,24/06/2001,Gris,M√©canique,23 000¬†Dinar Tunisien (TND),passat b5 tr√®s bien entretenue,14/03/2023,16/03/2023,
[R√©f:3192146] Kangoo en bonne √©tat,Automobiles ¬†>¬†Renault ¬†>¬†Kangoo,Tunisie ¬†>¬†Ariana ¬†>¬†Ariana Ville ¬†>¬†Ariana,Essence,6¬†CV,454 778,13/05/2003,Gris,M√©canique,22 000¬†Dinar Tunisien (TND),voiture en tr√®s bon √©tat,16/03/2023,16/03/2023,
[R√©f:3192122] Fiat doblo,Automobiles ¬†>¬†Fiat ¬†>¬†Doblo,Tunisie ¬†>¬†Tunis ¬†>¬†Carthage ¬†>¬†Cartage Byrsa,Diesel,5¬†CV,255 000,01/07/2014,Gris,M√©canique,18 500¬†Dinar Tunisien (TND),"une voiture utilitaire en parfait √©tat.
chaine chang√©e r√©cemment.
retap√©e en similicuir.
4 roues chang√©es
bien entretenue, vidange complet d√©j√† fait.
climatiseur en marche.",16/03/2023,16/03/2023,
[R√©f:3192108] Dame vend suzuki celerio,Automobiles ¬†>¬†Suzuki ¬†>¬†Autre Mod√®le,Tunisie ¬†>¬†Tunis ¬†>¬†Cite El Khadra ¬†>¬†Cite Olympeade,Essence,4¬†CV,68 700,22/11/2018,Grise,M√©canique,31 000¬†Dinar Tunisien (TND),dame vend suzuki celerio 1√®re main. essence. grise. 68700 km. climatisation. direction assist√©e. economique √† 31000dt,15/03/2023,15/03/2023,
[R√©f:3192100] Mg en tr√®s bon √©tat,Automobiles ¬†>¬†Mg ¬†>¬†ZS,Tunisie ¬†>¬†Ariana ¬†>¬†Ariana Ville ¬†>¬†Ariana,Essence,n.d,86 000,05/11/2019,Grise,M√©canique,60 000¬†Dinar Tunisien (TND),voiture neuve et en tr√®s bon √©tat,15/03/2023,15/03/2023,
[R√©f:3192055] Peugeot 208,Automobiles  > Peugeot  > 208,Tunisie  > Tunis  > Le Bardo  > Le Bardo,Essence,5 CV,160 000,04/11/2015,gris,M√©canique,26 800 Dinar Tunisien (TND),√† vendre 208 tr√®s bonne √©tat,15/03/2023,15/03/2023,undefined
[R√©f:3192053] Grande punto,Automobiles ¬†>¬†Fiat ¬†>¬†Grande Punto,Tunisie ¬†>¬†Tunis ¬†>¬†Le Bardo ¬†>¬†Le Bardo,Essence,5¬†CV,220 000,02/02/2012,noir,M√©canique,16 800¬†Dinar Tunisien (TND),√† vendre grande punto tr√®s bonne √©tat,15/03/2023,15/03/2023,
[R√©f:3021249] Chevrelet cruze lt nouveau mod√©le,Automobiles ¬†>¬†Chevrolet ¬†>¬†CRUZE,Tunisie ¬†>¬†Tunis ¬†>¬†Le Bardo ¬†>¬†Khaznadar,Essence,7¬†CV,43 000,10/08/2017,NOIR,M√©canique,53 000¬†Dinar Tunisien (TND),vend chevrolet lt cruz noir diamon nouveau model√© tr√®s peu rouler tr√®s faible kilom√©trage 43000 toute option mise en circulation 10/08/2017 pris 53000 a d√©battre une vraie berline √©l√©gante convient famille avec coffre 470 litre courtier s abstenir.tel 24 333 285.,02/10/2021,15/03/2023,
[R√©f:3191861] Suzuki celerio gris,Automobiles ¬†>¬†Suzuki ¬†>¬†Autre Mod√®le,Tunisie ¬†>¬†Le Kef ¬†>¬†Le Kef Est ¬†>¬†Le Kef,Essence,4¬†CV,107 000,01/05/2017,Gris,M√©canique,26 000¬†Dinar Tunisien (TND),"a vendre suzuki celerio  s√©rie 197 
*tt options
*4 cv
*05/2017
*107000km
*cl√© double
*jante alu",15/03/2023,15/03/2023,
[R√©f:3187942] Hyundai i10,Automobiles ¬†>¬†Hyundai ¬†>¬†Autre Mod√®le,Tunisie ¬†>¬†Ariana ¬†>¬†Ariana Ville ¬†>¬†Ariana,Essence,5¬†CV,100 000,01/06/2016,noir,M√©canique,33 500¬†Dinar Tunisien (TND),a vendre hyundai i 10 sedan tts optes prix 33500 d tel 52 340 604,03/03/2023,15/03/2023,
[R√©f:3191055] Belle audi a4,Automobiles ¬†>¬†Audi ¬†>¬†A4,Tunisie ¬†>¬†Ariana ¬†>¬†Ariana Ville ¬†>¬†Ariana,Essence,7¬†CV,253 600,26/10/2013,Blanc,Automatique,48 000¬†Dinar Tunisien (TND),a vendre audi a4 tfsi boite automatique  essence mod√®le 2013 en bonne √©tat et plus d'informations appeler sur 29 388 480,13/03/2023,15/03/2023,
[R√©f:3173953] Audi a4 iv b8  tfsi 160ch ambiente,Automobiles ¬†>¬†Audi ¬†>¬†A4,Tunisie ¬†>¬†Tunis ¬†>¬†Ain Zaghouan ¬†>¬†Ain Zaghouan,Essence,9¬†CV,200 000,01/02/2010,Gris,M√©canique,42 500¬†Dinar Tunisien (TND),"energie : essence bo√Æte de vitesses : manuelle kilom√©trage : 200 000km puissance fiscale : 9 cv puissance r√©elle : 160 ch / 118 kw consommation :  cycle urbain : 9,5 l/100km extra urbain : 5,6 l/100km mixte : 7,1 l/100km date de mise en circulation : f√©vrier 2010  √©quipement: -	sellerie cuir -	bois  -	radio cd mp3 -	kit mains-libres bluetooth -	prise usb -	ordinateur de bord -	 -	capteur de pluie et de luminosit√© -	r√©gulateur de vitesse -	phares x√©non + led -	jantes alu -	radar de recul -	banquette 1/3-2/3 -	clim automatique -	direction assist√©e -	verrouillage centralis√© des portes -	4 vitres √©lectriques -	volant r√©glable en profondeur et hauteur -	abs -	airbags frontaux -	airbags lat√©raux avant -	airbags rideaux -	antipatinage -	esp    dernier entretien √† 195 000km: -	4 pneus neufs  -	4 amortisseurs neufs  -	4 disques de frein neufs -	plaquettes neuves -	tetes de cardans neuvess -	bras de suspendions neufs -	bras de directions neufs -	biellettes de suspensions neuves  vidange (filtres et huile √† 200 000km)",15/01/2023,15/03/2023,
[R√©f:3191630] Femme vend une tr√®s belle great wall m4,Automobiles ¬†>¬†Great Wall ¬†>¬†Great Wall M4,Tunisie ¬†>¬†Ariana ¬†>¬†Ariana Ville ¬†>¬†Ariana,Essence,6¬†CV,43 000,24/07/2019,Rouge,M√©canique,45 000¬†Dinar Tunisien (TND),"femme vend une great wall m4 , tr√®s faible kilom√©trage 43000 prix 45000 ,tel 58157095  bo√Æte manuellecouple 130 nm - 4000 tr/mincylindr√©e 1497 cm3energie essencenombre de cylindres 4nombre de rapports 5puissance (ch.din) 94 chpuissance fiscale 6 cvtransmission traction
 puissance et consommation
 consommation mixte 7.2 l/100 km
 carrosserie
 carrosserie suvhauteur 1617largeur 1728longueur 3961nombre de places 5nombre de portes 5volume du coffre 232 l
 equipements ext√®rieurs
 antibrouillards ,barres de toit ,el√©ments ext√©rieurs couleur carrosserie pare-chocs, r√©troviseursfeux de position √† led avantjantes en aluminium, 16",15/03/2023,15/03/2023,
[R√©f:3191610] Fiat tipo presque neuf,Automobiles  > Fiat  > Tipo,Tunisie  > Tunis  > Cite El Khadra  > El Charguia,Essence,5 CV,55 000,05/05/2019,BLANC,M√©canique,46 000 Dinar Tunisien (TND),a vendre fiat tipo excellent √©tat avec faible kilom√©trage climatiseur vitre √©lectrique entretien maison fiat,14/03/2023,14/03/2023,undefined
[R√©f:3191609] Honda brio,Automobiles ¬†>¬†Honda ¬†>¬†Autre Mod√®le,Tunisie ¬†>¬†Tunis ¬†>¬†La Marsa ¬†>¬†Gammart,Essence,5¬†CV,88 000,15/12/2017,Rouge,M√©canique,27 800¬†Dinar Tunisien (TND),contactez moi pour une visite sur le 98216544,14/03/2023,14/03/2023,
[R√©f:3191589] Fiorino occasion excellent √©tat,Automobiles ¬†>¬†Fiat ¬†>¬†Fiorino,Tunisie ¬†>¬†Tunis ¬†>¬†Cite El Khadra ¬†>¬†Zone urbaine nord,Diesel,n.d,56 000,25/09/2018,Gris,M√©canique,31 000¬†Dinar Tunisien (TND),56000km /4 roues chang√©es / barre de toit d¬íorigine / couleur grise m√©tallis√©e d¬íorigine / excellent √©tat 56000km/entretien chez le concessionnaire jusqu¬íau aujourd¬íhui,14/03/2023,14/03/2023,
[R√©f:3191583] Voiture kia cee'd,Automobiles ¬†>¬†Kia ¬†>¬†Cee'd,Tunisie ¬†>¬†Nabeul ¬†>¬†Nabeul ¬†>¬†Nabeul,Essence,6¬†CV,65 500,21/04/2017,noir,M√©canique,51 000¬†Dinar Tunisien (TND),"¬ï energie : essence. ¬ï nombre de cylindres : 4. ¬ï nombre de rapports : 6. ¬ï puissance fiscale : 6  ¬ï peinture : noire m√©tallis√©e. ¬ï feux de position √† led : avant et arri√®re. ¬ï autoradio : 6 haut-parleurs et commandes au volant. ¬ï bouton start & stop. ¬ï modes de conduite : normal, confort et sport. ¬ï ordinateur de bord. ¬ï sellerie : tissu. ¬ï si√®ges avant r√©glables en hauteur. ¬ï vitres √©lectriques : avant/arri√®re. ¬ï volant : cuir, multi-fonctions. ¬ï volant et pommeau de levier de vitesse en cuir. ¬ï accoudoirs : avant et arri√®re. ¬ï cl√© intelligente. ¬ï climatisation : climatronic bizone. ¬ï connectivit√© : aux, bluetooth et usb. ¬ï direction assist√©e. ¬ï fermeture centralis√©e : √† distance. ¬ï frein de parking √©l√©ctrique. ¬ï radar de stationnement : avant et arri√®re. ¬ï r√©gulateur de vitesse : limiteur de vitesse. ¬ï r√©troviseurs ext√©rieurs : √©lectriques, rabattables et avec clignotants int√©gr√©s. ¬ï si√®ges : r√©glage lombaire. ¬ï volant r√©glable : en hauteur et en profondeur. ¬ï abs. ¬ï airbags : frontaux, lat√©raux et rideaux. ¬ï alarme antivol ¬ï anti-d√©marrage √©lectronique. tel : 98300324",14/03/2023,14/03/2023,
[R√©f:2997775] Une belle peugeot 207 phase 2,Automobiles ¬†>¬†Peugeot ¬†>¬†207,Tunisie ¬†>¬†Ariana ¬†>¬†Ariana Ville ¬†>¬†Ariana,Essence,5¬†CV,202 000,20/05/2012,Gris charbon,M√©canique,25 000¬†Dinar Tunisien (TND),a vendre une belle 207 phase 2 tte options 5cv propri√©taire direct,02/08/2021,14/03/2023,
[R√©f:3191463] Mercedes c200 cdi,Automobiles ¬†>¬†Mercedes ¬†>¬†C,Tunisie ¬†>¬†Ben arous ¬†>¬†Fouchana ¬†>¬†Douar El Houch,Diesel,7¬†CV,388 000,15/08/2002,noir,M√©canique,27 000¬†Dinar Tunisien (TND),pas s√©rieux s'abstenir,14/03/2023,14/03/2023,
[R√©f:3191435] Nisan micra,Automobiles  > Nissan  > Micra,Tunisie  > Nabeul  > Nabeul  > Nabeul,Essence,5 CV,99 928,23/07/2020,blanc,M√©canique,34 500 Dinar Tunisien (TND),belle voiture mta3 mra 5arja la france t7eb tbi3 premi√®re main kol chay original prix a discuter .... nthifa barcha,14/03/2023,14/03/2023,undefined
[R√©f:3191267] Voiture 106 bonne occasion,Automobiles ¬†>¬†Peugeot ¬†>¬†106,Tunisie ¬†>¬†Tunis ¬†>¬†Ettahrir ¬†>¬†Ettahrir 1,Essence,4¬†CV,n.d,24/08/1997,Bleu,M√©canique,7 500¬†Dinar Tunisien (TND),a vendre voiture 106 peugeot deux portes moteur en tr√®s bon √©tat prix 7500d tel 21685934,14/03/2023,14/03/2023,
[R√©f:3189810] Av mercedes gla 180,Automobiles ¬†>¬†Mercedes ¬†>¬†GL,Tunisie ¬†>¬†Ariana ¬†>¬†Ariana Ville ¬†>¬†Ariana,Essence,7¬†CV,50 000,07/05/2019,noire,M√©canique,125 000¬†Dinar Tunisien (TND),"a vendre mercedes gla-180 import√©e d¬íeurope, 07 cv fiscaux essence, boite √† 06 vitesses, 1√®re mise en circulation mai 2019, garde au sol relev√©e, phares led hautes performances, kit main libre, int√©rieur cuir artico beige sahara, si√®ges confort, volant multifonctions en cuir, alarme int√©gr√©e, jantes aluminium 17 pouces, climatronic, syst√®me d¬íassistance au parking, 50.000 km au compteur, vitres √©lectriques av et ar, start/stop, airbags, aucune d√©pense √† pr√©voir.
uniquement pour personnes disposant d¬íun fcr.",09/03/2023,13/03/2023,
[R√©f:3191064] Jetta tdi 2010,Automobiles ¬†>¬†Volkswagen ¬†>¬†Jetta,Tunisie ¬†>¬†Tunis ¬†>¬†El Hrairia ¬†>¬†Ezzahrouni,Diesel,6¬†CV,300 000,22/04/2010,Grise,M√©canique,26 500¬†Dinar Tunisien (TND),"‚úÖÔ∏èvw jetta 1.9 tdiüíØ
‚úÖÔ∏èmod√®le 2010. 
‚úÖÔ∏èkilom√©trage : 300000
ü§ëprix : 26500
‚ö†Ô∏èvisible √† : zarzis et tunis. 
ü•∞une voiture nerveuse, robuste, stable en bonne √©tat g√©n√©ral, bien entretenue. üíØ
‚úåÔ∏èsi√©ge r√©glable en hauteur et en profondeur ‚úåÔ∏è
üëåtissu : similicuir. üëå
‚úÖÔ∏è4 vitres √©lectriques. üëç
‚úÖÔ∏èfermeture √† distance. 
‚úÖÔ∏èfeux antibrouillard.
‚úÖÔ∏è accoudoir avant.
‚úÖÔ∏è radar de recul.
‚úÖÔ∏èr√©troviseur √©lectrique.
  ‚õîÔ∏èclimatiseur : compresseur √† changer üòî
 tel : 50.947.402.",13/03/2023,13/03/2023,
[R√©f:3191062] Peugeot 407,Automobiles ¬†>¬†Peugeot ¬†>¬†407,Tunisie ¬†>¬†Tunis ¬†>¬†Carthage ¬†>¬†Carthage,Essence,9¬†CV,20 000,14/05/2007,Noir,M√©canique,19 000¬†Dinar Tunisien (TND),"a vendre peugeot 407
9 cheveaux
essence
annee 2007
trl 26253089",13/03/2023,13/03/2023,
[R√©f:3191048] Megane casquette,Automobiles ¬†>¬†Renault ¬†>¬†Megane,Tunisie ¬†>¬†Manouba ¬†>¬†Douar Hicher ¬†>¬†Douar Hicher,Diesel,5¬†CV,300,06/07/2006,Noir,M√©canique,19 000¬†Dinar Tunisien (TND),a vendre megane casquette phase 2 diesel tt options avec toit ouvrant et 4 vitres √©lectriques,13/03/2023,13/03/2023,
[R√©f:3191031] Kia rio coup√©e 1 ere main,Automobiles  > Kia  > Rio,Tunisie  > Tunis  > La Marsa  > Marsa Safsaf,Essence,5 CV,40 000,06/06/2013,bleu,M√©canique,39 500 Dinar Tunisien (TND),"kia rio coup√© 1 ere main , etat comme neuf, 40000 km, gente aluminium,  tt les entretiens √† la maison kia... pour plus d info veuillez m appeler sur 20557553",13/03/2023,13/03/2023,undefined
[R√©f:3187297] Clio bomb√© 2 portes,Automobiles ¬†>¬†Renault ¬†>¬†Clio,Tunisie ¬†>¬†Ariana ¬†>¬†Ariana Ville ¬†>¬†Ariana,Essence,4¬†CV,370 000,05/11/2002,rouge,M√©canique,17 500¬†Dinar Tunisien (TND),voiture propre  tte options  en tr√©s bon √©tat,01/03/2023,13/03/2023,
[R√©f:3190964] Volvo s60 en excellent √©tat,Automobiles ¬†>¬†Volvo ¬†>¬†S60,Tunisie ¬†>¬†Ariana ¬†>¬†La Soukra ¬†>¬†La Soukra,Essence,11¬†CV,238 000,09/04/2009,,Automatique,28 000¬†Dinar Tunisien (TND),"moteur 5 cylindres 
2 l essence 
bo√Æte automatique
optiques x√©non 
abs esp
climatiseur mi-zone
jantes alliages 16 pouces
 int√©rieur cuir noir 
r√©troviseur √©lectrique 
d√©tecteur de pluie
4 vitres √©lectriques
si√®ges avants chauffants
si√®ge conducteur r√©glable et motoris√©
238k de kilom√©trage
ann√©e de mise en circulation 2009",13/03/2023,13/03/2023,
[R√©f:3190930] Clio ii import√© prix l√©gerement negotiable,Automobiles ¬†>¬†Renault ¬†>¬†Clio,Tunisie ¬†>¬†Ben arous ¬†>¬†Ben Arous ¬†>¬†Ben Arous,Essence,4¬†CV,265 000,01/01/2000,gris,M√©canique,17 000¬†Dinar Tunisien (TND),"clio bomb√© en tr√®s bonne √©tat (1√®re main)
-direction assist√©
-vitre √©l√©ct
-climatis√©
-fermeture centrale
-airbag",13/03/2023,13/03/2023,
[R√©f:3190835] Clio dynamique,Automobiles ¬†>¬†Renault ¬†>¬†Clio,Tunisie ¬†>¬†Tunis ¬†>¬†La Marsa ¬†>¬†Cite El Khalil,Essence,5¬†CV,125 000,18/03/2014,Maran,M√©canique,34 000¬†Dinar Tunisien (TND),"av jolie clio dynamique tt option
1ere main 
‚úÖ ann√©e 2014 
‚úÖ kelometrage 125000 
‚úÖjante aluminium
‚úÖclimatronique
‚úÖ √©cran tactile 
‚úÖradar de recul 
‚úÖ visite technique 2025 
‚úÖ jamais accident√©e
‚úÖpanture d origine 
‚úÖ prix 34000 l√©g√®rement a d√©battre
pour plus d'informations veuillez contacter
‚òéÔ∏è 55557366
‚òéÔ∏è54114117",13/03/2023,13/03/2023,
[R√©f:3168083] 208 essence 2019,Automobiles ¬†>¬†Peugeot ¬†>¬†208,Tunisie ¬†>¬†Monastir ¬†>¬†Monastir ¬†>¬†Monastir,Essence,4¬†CV,71 000,17/07/2019,Blanc,M√©canique,22 222¬†Dinar Tunisien (TND),"peugeot 208 essence 1,2l; 4 chevaux. 
17/07/2019
71000 km
clim, vitres √©lectriques, bluetooth,... 
t√©l√©: 21 139 251",28/12/2022,13/03/2023,
[R√©f:3190761] Oppel corsa,Automobiles ¬†>¬†Opel ¬†>¬†Corsa,Tunisie ¬†>¬†Ariana ¬†>¬†Mnihla ¬†>¬†Cite El Bassatine2,Essence,4¬†CV,275 666,05/05/1995,noir,M√©canique,11 500¬†Dinar Tunisien (TND),"oppel corsa de l'annee 1995 4 cv boite manuel 
kilometrage 275666 de couleur noir 
prix 11500 (n√©gociable) 
contactez karima 53566326",13/03/2023,13/03/2023,
[R√©f:3190709] Bmw serie1,Automobiles ¬†>¬†Bmw ¬†>¬†S√©rie 1,Tunisie ¬†>¬†Ariana ¬†>¬†Ariana Ville ¬†>¬†Ariana,Essence,6¬†CV,142 000,12/01/2013,noir,M√©canique,45 000¬†Dinar Tunisien (TND),bon etat seulement tsantira,13/03/2023,13/03/2023,
[R√©f:3190329] Citroen c4,Automobiles  > Citroen  > C4,Tunisie  > Ariana  > Mnihla  > Jardins d'el Menzah,Essence,6 CV,185 000,12/03/2012,Gris shark,M√©canique,29 500 Dinar Tunisien (TND),1√®re main - mod√®le 2012 - essence - 6cv 185000 km jantes alu abs direction assist√©e  esp 4 vitres √©lectriques  airbags climatisation en marche bluetooth / usb r√©gulateur / limitateur de vitesse volant multi fonctions accoudoir avant tel 54068822,11/03/2023,13/03/2023,undefined
[R√©f:3190685] Fiat doblo premi√®re main,Automobiles  > Fiat  > Doblo,Tunisie  > Tunis  > El Menzah  > Tunis Belvedere,Essence,6 CV,23 000,13/07/2021,Gris Charbon,M√©canique,67 000 Dinar Tunisien (TND),"premi√®re main, prix n√©gociable pour les s√©rieux, vignette 2023 pay√©e",13/03/2023,13/03/2023,undefined
[R√©f:3190619] Tre bonne occasion,Automobiles ¬†>¬†Hyundai ¬†>¬†Autre Mod√®le,Tunisie ¬†>¬†Ariana ¬†>¬†Ariana Ville ¬†>¬†Cite Ennasr 1,Essence,5¬†CV,80 000,10/08/2018,blanche,M√©canique,31 500¬†Dinar Tunisien (TND),hyundai i 10 sedan en bon etat 80 000 km   tel 96 840 625,12/03/2023,12/03/2023,
[R√©f:3186954] Fiat excellent moteur,Automobiles ¬†>¬†Fiat ¬†>¬†Palio,Tunisie ¬†>¬†Tunis ¬†>¬†El Menzah ¬†>¬†El Menzah 4,Essence,4¬†CV,40 000,01/01/2008,Grise m√©tallis√©e,M√©canique,17 000¬†Dinar Tunisien (TND),"palio excellent moteur fire, 40.000 km, 4 chevaux, grise m√©tallis√©e , 1√®re main, mise en circulation 2008 , s√©rie 130, n¬ía pas √©t√© conduite pour un bon laps de temps, fermeture centrale, salon semi cuir noir, vitres avant √©lectriques, direction assist√©e, climatis√©e et chauff√©e, baffles pour poste mp3, airbag¬Ö
prix peut √™tre n√©gociable .
a noter qu¬íil faut ramener un m√©canicien lors de la visite et une batterie pour v√©rification.
*la vente ne sera conclue que pour des particuliers s√©rieux et corrects.
 t√©l: 51 481 359",28/02/2023,12/03/2023,
[R√©f:3190606] Q5 s line 4x4,Automobiles ¬†>¬†Audi ¬†>¬†Q5,Tunisie ¬†>¬†Tunis ¬†>¬†El Menzah ¬†>¬†El Menzah 4,Diesel,10¬†CV,201 000,25/08/2010,Noir,Automatique,68 000¬†Dinar Tunisien (TND),"vs q5 s line quattro diesel 170 cv  en parfait √©tat tous les entretiens chez audi, boite auto, int√©rieur cuir, jante 19 pouces ...
68md
t√©l 98704702",12/03/2023,12/03/2023,
[R√©f:3190577] Mahindra en excellent etat 1ere main,Automobiles ¬†>¬†Mahindra ¬†>¬†Autre Mod√®le,Tunisie ¬†>¬†Ben arous ¬†>¬†Rades ¬†>¬†Rades Medina,Essence,5¬†CV,39 000,18/02/2019,,M√©canique,34 500¬†Dinar Tunisien (TND),"mahindra kuv 100 en excellent etat , 1ere main, 39000 km",12/03/2023,12/03/2023,
[R√©f:3190536] Citroen saxo rouge bordeaux,Automobiles ¬†>¬†Citroen ¬†>¬†Saxo,Tunisie ¬†>¬†Ariana ¬†>¬†Ariana Ville ¬†>¬†Cite Ennouzha,Essence,4¬†CV,270 000,01/03/2001,rouge bordeaux,M√©canique,11 500¬†Dinar Tunisien (TND),"institutrice qui vend sa citroen saxo phase 3, 4 cylindres, rouge bordeaux, 270000 km.
prochaine visite technique en ao√ªt prochain.
bien entretenu - besoin d'une voile de peinture.",12/03/2023,12/03/2023,
[R√©f:3190535] Peugeot 106,Automobiles ¬†>¬†Peugeot ¬†>¬†106,Tunisie ¬†>¬†Tunis ¬†>¬†Le Bardo ¬†>¬†Khaznadar,Essence,4¬†CV,216 895,08/01/1999,,M√©canique,13 500¬†Dinar Tunisien (TND),a vendre une voiture peugeot 106,12/03/2023,12/03/2023,
[R√©f:3190524] S50 en excellent etat,Automobiles ¬†>¬†Dongfeng ¬†>¬†Dongfeng S50,Tunisie ¬†>¬†Tunis ¬†>¬†La Marsa ¬†>¬†Gammart,Essence,6¬†CV,88 000,02/08/2019,Blanche,M√©canique,44 000¬†Dinar Tunisien (TND),a vendre dongfeng s50 en excellent etat. entretenue a la maison dongfeng. premiere main.,12/03/2023,12/03/2023,
[R√©f:3184109] Suzuki s presso,Automobiles ¬†>¬†Suzuki ¬†>¬†Autre Mod√®le,Tunisie ¬†>¬†Tunis ¬†>¬†Le Bardo ¬†>¬†Le Bardo,Essence,4¬†CV,20 000,24/01/2021,Bleu,M√©canique,32 900¬†Dinar Tunisien (TND),"a vendre une belle suzuki s-presso 1er main presque neuve 2021 encore sous garantie
faible kilom√©trage 20 000  km
entretien r√©gulier chez maison suzuki
tr√®s faible consommation 
consommation urbaine	3.7 l/100 km
consommation mixte	4.6 l/100 km
 aide au stationnement radar de recul , vitre electrique .....
 * tableau de bord numerique
* alarme d'origine metasystem avec d√©tecteur de mouvement
* peinture d'origine
* tres belle sellerie faite sur mesure 
* accoudoir avant
* vitre arri√®re fum√© 
* climatise ......
* tapis d'origine jamai servi 
tel 92272122/ 22647270
dsiponible a bardo
pour s'informer du prix du neuf merci de contacter la societe '' car pro - 70 60 35 00'' 
(prix neuve a l'entour de 40mdt sacrifi√© a 32900 negociable)",19/02/2023,12/03/2023,
[R√©f:3190433] Qashqai j10 grise s√©rie 173,Automobiles ¬†>¬†Nissan ¬†>¬†Qashqai,Tunisie ¬†>¬†Tunis ¬†>¬†La Marsa ¬†>¬†Gammart,Diesel,6¬†CV,210 000,07/09/2011,Gris,M√©canique,39 900¬†Dinar Tunisien (TND),"cause d√©part, √† vendre une qashqai j10 √©dition connect 2011 avec son fameux moteur k9k 110 ch / 81 kw injection directe √† rampe commune acquise en 2014 de france. 4 pneus r√©cemment chang√©s (5000 km). toutes options sauf cuir et bouton start (edition connect). consommation moyenne r√©elle observ√©e (autoroute 5.9 l/100 - ville 6.3 l/100). conduite responsable avec une moyenne de 12 000 km /an depuis 2014.
entretien r√©gulier, pas de r√©paration ni remplacement requis. vidange effectu√©, vignette 2023 offerte.
prix non n√©gociable.",11/03/2023,11/03/2023,
[R√©f:3190393] Mercedes classe e,Automobiles  > Mercedes  > 250,Tunisie  > Ariana  > La Soukra  > Cite Des Juges,Diesel,12 CV,247 000,23/08/2010,Noir,Automatique,80 000 Dinar Tunisien (TND),"je vends mercedes classe e 250 cdi, import√©e d'allemagne, toute option sauf toit ouvrant et cam√©ra de recul, bva, en tres bon √©tat, premier main , visible sur rdv a la soukra , filtre a particule neuf il y'a 3 mois , int√©rieur cuir noir,",11/03/2023,11/03/2023,undefined
[R√©f:3190187] Achat ssangyong rexton,Automobiles ¬†>¬†Ssangyong ¬†>¬†Rexton,Tunisie ¬†>¬†Nabeul ¬†>¬†Soliman ¬†>¬†Dhahri,Diesel,10¬†CV,n.d,01/01/2015,,Automatique,45 000¬†Dinar Tunisien (TND),"je cherche une ssangyong rexton boite automatique diesel avec kilom√©trage 200 000 max.
tel : 22 75 41 72",11/03/2023,11/03/2023,
[R√©f:3189930] Fiat palio a ne pas rater,Automobiles ¬†>¬†Fiat ¬†>¬†Palio,Tunisie ¬†>¬†Ben arous ¬†>¬†Ben Arous ¬†>¬†Ben Arous,Essence,4¬†CV,258 939,01/01/2001,gris,M√©canique,10 500¬†Dinar Tunisien (TND),"fiat palio 4 cv  toute option anne 2001 prix raisonnable de 10500 dinars tunisien  
t√©l√©phone 24202060 
lieux tunis ben arous",10/03/2023,10/03/2023,
[R√©f:3181354] Av voiture suzuki spresso,Automobiles ¬†>¬†Suzuki ¬†>¬†Autre Mod√®le,Tunisie ¬†>¬†Ben arous ¬†>¬†El Mourouj ¬†>¬†El Mourouj,Essence,4¬†CV,3 300,12/04/2022,gris,M√©canique,40 000¬†Dinar Tunisien (TND),"une belle voiture a vendre toute option garantie 2 ans,mise √©n circulation le 12/04/2022,prix negociable.",09/02/2023,10/03/2023,
[R√©f:3189838] Tr√®s bonne occasion,Automobiles ¬†>¬†Citroen ¬†>¬†DS3,Tunisie ¬†>¬†Tunis ¬†>¬†Carthage ¬†>¬†Carthage,Essence,5¬†CV,47 000,07/06/2012,rouge,M√©canique,34 000¬†Dinar Tunisien (TND),"je vends mon v√©hicule ds 3 tr√®s peu roul√©, excellent √©tat, entretien r√©gulier. trois portes, couleur rouge et toit blanc. vitres √©lectriques, direction assist√©e √©lectrique, r√©troviseurs rabattables, climatisation manuelle.",09/03/2023,09/03/2023,
[R√©f:3189794] Voiture fiat punto grande couleur blanche,Automobiles ¬†>¬†Fiat ¬†>¬†Grande Punto,Tunisie ¬†>¬†Tunis ¬†>¬†Ain Zaghouan ¬†>¬†Ain Zaghouan,Essence,4¬†CV,191 000,07/02/2015,blanche,M√©canique,22 700¬†Dinar Tunisien (TND),"je mets en vente ma voiture fiat punto grande couleur blanche 4 chevaux
ag√©e de 8 ans tout juste avec un certificat de visite t√©chnique valable jusqu'au juin 2024",09/03/2023,09/03/2023,
[R√©f:3189785] Ford ranger,Automobiles ¬†>¬†Ford ¬†>¬†Ranger,Tunisie ¬†>¬†Tunis ¬†>¬†El Omrane Superieur ¬†>¬†El Omrane Superieur,Diesel,10¬†CV,500,05/07/2005,gris,M√©canique,13 000¬†Dinar Tunisien (TND),ford ranger en bonne √©tat contacter 58700360,09/03/2023,09/03/2023,
[R√©f:3189679] Honda brio,Automobiles ¬†>¬†Honda ¬†>¬†Autre Mod√®le,Tunisie ¬†>¬†Tunis ¬†>¬†Ain Zaghouan ¬†>¬†Ain Zaghouan,Essence,5¬†CV,60 000,18/03/2018,Noir,M√©canique,27 500¬†Dinar Tunisien (TND),"premiere main, ann√©e 2018,bon √©tat",09/03/2023,09/03/2023,
[R√©f:3189465] Transporteur 7 cv,Automobiles ¬†>¬†Volkswagen ¬†>¬†Transporter,Tunisie ¬†>¬†Nabeul ¬†>¬†Nabeul ¬†>¬†Nabeul,Diesel,7¬†CV,n.d,02/07/2006,,M√©canique,25 000¬†Dinar Tunisien (TND),vendre transporteur 7cv blanc,08/03/2023,08/03/2023,
[R√©f:3189435] Fiat figo en tr√®s bon √©tat,Automobiles ¬†>¬†Ford ¬†>¬†Fiesta,Tunisie ¬†>¬†Tunis ¬†>¬†Ain Zaghouan ¬†>¬†Ain Zaghouan,Essence,5¬†CV,91 000,11/10/2014,Gris,M√©canique,23 500¬†Dinar Tunisien (TND),"suite d√©c√®s du propri√©taire, les h√©ritiers mettent en vente un voiture ford figo tr√®s bien entretenue.
- puissance fiscale: 5 ch
- climatiseur op√©rationnel
- alarm et fermeture centrale
- kilometrage: 91k 
 prix peu n√©gociable
 merci",08/03/2023,08/03/2023,
[R√©f:3189279] Une belle golf 6 tsi,Automobiles ¬†>¬†Volkswagen ¬†>¬†Golf 6,Tunisie ¬†>¬†Tunis ¬†>¬†Cite El Khadra ¬†>¬†Kheireddine Pacha,Essence,9¬†CV,164 000,01/10/2009,Noir,Automatique,36 000¬†Dinar Tunisien (TND),a vendre une belle golf 6 tsi bo√Æte automatique,08/03/2023,08/03/2023,
[R√©f:3182864] Renault clio toutes options,Automobiles ¬†>¬†Renault ¬†>¬†Clio,Tunisie ¬†>¬†Ariana ¬†>¬†Ariana Ville ¬†>¬†Ariana,Essence,5¬†CV,76 000,01/01/2015,Blanc,M√©canique,39 500¬†Dinar Tunisien (TND),particulier met en vente renault clio toutes options excellent √©tat 76000 km au compteur.,14/02/2023,07/03/2023,
[R√©f:3188920] Vds ou √©change mazda cx9 awd 7 places,Automobiles ¬†>¬†Mazda ¬†>¬†Autre Mod√®le,Tunisie ¬†>¬†Nabeul ¬†>¬†Nabeul ¬†>¬†Nabeul,Essence,20¬†CV,158 900,05/04/2010,Gris m√©tallis√©,Automatique,47 000¬†Dinar Tunisien (TND),"-mise en circulation 2010
-kilomeÃÅtrage : 158¬†900 km
-energie : essence
-puissance fiscale : 20 cv
-7 places
-boite de vitesse automatique
-sieÃÄges √©lectriques avec m√©moire
-sound bose
-volant en cuir multifonctions
-climatisation
-sellerie cuir
-r√©gulateur de vitesse
-toit ouvrant
-radar de stationnement¬†
-jantes en aluminium 20¬î
-vignette 2023 
possibilit√© d'√©change",06/03/2023,06/03/2023,
[R√©f:3188910] Hynday i20,Automobiles ¬†>¬†Hyundai ¬†>¬†Autre Mod√®le,Tunisie ¬†>¬†Manouba ¬†>¬†Mannouba ¬†>¬†La Mannouba,Essence,4¬†CV,190 000,24/08/2014,Gris,M√©canique,27 500¬†Dinar Tunisien (TND),"disponible
manouba
nasser
monplaisir",06/03/2023,06/03/2023,
[R√©f:3188905] Isuzu trooper diesel 4x4 suv japan tu54 en marche,Automobiles  > Isuzu  > Trooper,Tunisie  > Sfax  > Sfax Sud  > Merkez Kamoun,Diesel,9 CV,418 000,12/05/1988,Blanc,M√©canique,11 990 Dinar Tunisien (TND),en marche mais doit √™tre entretenu. mod√®le ubs52 (2.2 td turbo diesel) 9 cv diesel 418000 km s√©rie 54. moteur et accessoires d'origine du japon. aver porte-bagages. avec double pont (option non utilis√©e).,06/03/2023,06/03/2023,undefined
[R√©f:3188708] Peugeot 301,Automobiles ¬†>¬†Peugeot ¬†>¬†Autre Mod√®le,Tunisie ¬†>¬†Ariana ¬†>¬†Ariana Ville ¬†>¬†Ariana,Essence,5¬†CV,167 000,01/07/2016,Camel,M√©canique,22 500¬†Dinar Tunisien (TND),"peugeot 301 en tr√®s bon √©tat g√©n√©ral, s√©rie 190, berline 5 places, 5 portes et visite technique valable jusqu'en 2024",06/03/2023,06/03/2023,
[R√©f:3188595] Polo3 ndhifa,Automobiles ¬†>¬†Volkswagen ¬†>¬†Polo 3,Tunisie ¬†>¬†Ben arous ¬†>¬†Ezzahra ¬†>¬†Ezzahra,Essence,5¬†CV,250 000,06/07/1997,noir,M√©canique,12 500¬†Dinar Tunisien (TND),a vendre polo 3 tr√®s propre,06/03/2023,06/03/2023,
[R√©f:3178397] Golf 7 tsi 1er main √† la marsa,Automobiles  > Volkswagen  > Golf 7,Tunisie  > Tunis  > La Marsa  > Cite El Moustakbel (Sidi Daoud),Essence,5 CV,99 000,14/05/2018,GRIS,M√©canique,60 000 Dinar Tunisien (TND),on met en vente une belle golf 7 ann√©e 2018 1 er main de faible kilom√©trage bien entretenue chez ennakl. prix propos√© 60000 dt. disponible √† la marsa. contact 29 116 661,30/01/2023,05/03/2023,undefined
[R√©f:3188437] Honda civic,Automobiles ¬†>¬†Honda ¬†>¬†Civic,Tunisie ¬†>¬†Ariana ¬†>¬†La Soukra ¬†>¬†Borj Louzir,Essence,10¬†CV,83 000,15/09/2016,Noir,Automatique,70 000¬†Dinar Tunisien (TND),"honda civic 1.5 rs 4 cylindres 10cv-182 ch. 3 appuis t√™tes arri√®res 7 haut-parleurs commandes au volant, bluetooth, android, auto apple, car play, ipod 2 usb wifi, hdmi, √©cran tactile 7 pouces ,finition int√©rieure aluminium bross√© mat, sellerie cuir, toit ouvrant en verre, volant 3 branches cuir multifonctions, abs airbags frontaux, lat√©raux et rideaux anti-patinage",05/03/2023,05/03/2023,
[R√©f:3162576] Belle symbol economique,Automobiles ¬†>¬†Renault ¬†>¬†Symbol,Tunisie ¬†>¬†Tunis ¬†>¬†El Menzah ¬†>¬†El Menzah 1,Essence,5¬†CV,195 000,07/07/2014,beige,M√©canique,24 500¬†Dinar Tunisien (TND),"je met en vente ma propre voiture de marque renault symbole fase 2 en bon √©tat ann√©e 2014, 195 000 km intact et √©conomique .
disponible √† cit√© olympique.
prix 24500 dt .
contact : 53 691 583",08/12/2022,05/03/2023,
[R√©f:3188389] Ssangyong korando,Automobiles ¬†>¬†Ssangyong ¬†>¬†Korando,Tunisie ¬†>¬†Sousse ¬†>¬†Sousse Ville ¬†>¬†Cite Jaouhara,Diesel,10¬†CV,99 000,31/01/2014,noire,M√©canique,42 000¬†Dinar Tunisien (TND),"toit ouvrant, km 99000, boite m√©canique, en bon √©tat",04/03/2023,04/03/2023,
[R√©f:3188367] Belle peugeot 301 allure tout option,Automobiles ¬†>¬†Peugeot ¬†>¬†Autre Mod√®le,Tunisie ¬†>¬†Sousse ¬†>¬†Sousse Jaouhara ¬†>¬†Cite Sahloul,Essence,5¬†CV,196 000,10/08/2013,Marron,M√©canique,19 000¬†Dinar Tunisien (TND),voiture peugeot 301 tout option avec alarme en tres bon etat tout en marche...tel 23032788,04/03/2023,04/03/2023,
[R√©f:3188201] Cable spiral toyota,Automobiles ¬†>¬†Toyota ¬†>¬†Hi.Lux,Tunisie ¬†>¬†Ariana ¬†>¬†La Soukra ¬†>¬†Aeroport Tunis Carthage,Diesel,8¬†CV,n.d,01/01/2012,,M√©canique,260 000¬†Dinar Tunisien (TND),a vendre cable spiral toyota hiulx original tel 28341713,04/03/2023,04/03/2023,
[R√©f:3180177] La nouvelle l200 mitsubishi,Automobiles ¬†>¬†Mitsubishi ¬†>¬†L 200,Tunisie ¬†>¬†Ariana ¬†>¬†Ariana Ville ¬†>¬†Cite Ennasr 2,Diesel,8¬†CV,1 000,01/01/2023,Grenadine,Automatique,150 000¬†Dinar Tunisien (TND),av la nouvelle mitsubishi l200  dans lamballage mod 2023 toute options bo√Æte automatique prix 150 md tel 22222322 ennasr2,04/02/2023,04/03/2023,
[R√©f:3187981] Izuzu el atrous,Automobiles ¬†>¬†Isuzu ¬†>¬†Autre Mod√®le,Tunisie ¬†>¬†Ariana ¬†>¬†Ariana Ville ¬†>¬†Borj El Baccouche,Diesel,11¬†CV,300 000,12/02/2000,Blanc,M√©canique,28 000¬†Dinar Tunisien (TND),camionnette ndhifa 11 chv a ne pas rater,03/03/2023,03/03/2023,
[R√©f:3132748] Renault clio classique berline annee 2002,Automobiles  > Renault  > Clio,Tunisie  > Sfax  > Sakiet Eddaier  > Merkez Lajmi,Essence,6 CV,150 000,18/01/2002,NOIR,M√©canique,11 200 Dinar Tunisien (TND),"√† vendre clio classique berline 6 cv essence. travaux ex√©cut√©s : *nouveau moteur r√©cemment remplac√©. *cardans remplac√©s. *nouveau disque embrayage mont√©. *nouveau ventilateur de refroidissement remplac√©. maintenance √† pr√©voir : *t√¥lerie et peinture de la carrosserie. *pneus. *avant-train. *compresseu r de climatiseur existant, reste ligne de connexion avec le compresseur.  contact par t√©l : 97 760 373 / 24 760 373",05/09/2022,03/03/2023,undefined
[R√©f:3187814] Importee de france,Automobiles ¬†>¬†Kia ¬†>¬†Sportage,Tunisie ¬†>¬†Monastir ¬†>¬†Moknine ¬†>¬†Moknine,Diesel,6¬†CV,87 000,15/04/2017,noir,M√©canique,90 000¬†Dinar Tunisien (TND),"sportage etat tres neuf francaise encore garantie kia
toute option gps jante alu.......
 des rdv apres le 11 mars
55732125
ou 0033662184543",02/03/2023,02/03/2023,
[R√©f:3187808] Occasion √† ne pas rater,Automobiles ¬†>¬†Mercedes ¬†>¬†CL,Tunisie ¬†>¬†Ben arous ¬†>¬†Hammam Chatt ¬†>¬†Borj Cedria,Essence,7¬†CV,72 000,28/07/2014,Blanc,M√©canique,110 000¬†Dinar Tunisien (TND),je mets mon mercedes cla essence import√©e d'allemagne jamais accident√©e et bien entretenue toutes options abs esp radar de recul toit ouvrant et panoramique 4 pneus neufs jante en aluminium par 18 et roue de secours suppl√©mentaire jante en aluminium par 18 batterie üîã neuve et beaucoup d'autres options,02/03/2023,02/03/2023,
[R√©f:3187740] Renault symbol,Automobiles ¬†>¬†Renault ¬†>¬†Symbol,Tunisie ¬†>¬†Monastir ¬†>¬†Monastir ¬†>¬†Monastir,Essence,5¬†CV,290 000,18/03/2010,gris,M√©canique,22 500¬†Dinar Tunisien (TND),"renault symbol ann√©e 2010, direction assist√©e, fermeture centrale, climatisation en marche, 4 pneus neufs, tr√®s bon √©tat",02/03/2023,02/03/2023,
[R√©f:3187369] Peugeot 206,Automobiles ¬†>¬†Peugeot ¬†>¬†206,Tunisie ¬†>¬†Ben arous ¬†>¬†Fouchana ¬†>¬†Cite El Wifak,Essence,5¬†CV,354 000,29/01/2003,Bleu,M√©canique,15 800¬†Dinar Tunisien (TND),peugeot 206--------5 cv--------4 cyl------- an 2003-----moteur et carrosserie en bon √©tat --------fermeture centrale--------kilomƒótrage 354000 -----prix 15800 nƒógociable------tel 22579870,01/03/2023,01/03/2023,
[R√©f:3187352] Bmw premi√®re main,Automobiles ¬†>¬†Bmw ¬†>¬†S√©rie 1,Tunisie ¬†>¬†Ariana ¬†>¬†Ariana Ville ¬†>¬†Ariana,Essence,7¬†CV,95 000,10/05/2017,Noir,Automatique,75 000¬†Dinar Tunisien (TND),"voiture entretien maison
plus d'information 25000981
option :bo√Æte automatique, x√©non, radar de recul......",01/03/2023,01/03/2023,
[R√©f:3186254] Mercedes c 180,Automobiles ¬†>¬†Mercedes ¬†>¬†C,Tunisie ¬†>¬†Tunis ¬†>¬†El Menzah ¬†>¬†El Menzah 1,Essence,9¬†CV,188 000,13/12/2013,Noir,M√©canique,62 000¬†Dinar Tunisien (TND),"a vendre mercedes c180, premi√®re main, excellent √©tat",26/02/2023,01/03/2023,
[R√©f:3187349] Toyota hiace,Automobiles ¬†>¬†Toyota ¬†>¬†Hi.Ace,Tunisie ¬†>¬†Bizerte ¬†>¬†Bizerte Nord ¬†>¬†Cite Ain Meriem,Diesel,10¬†CV,750,01/01/2001,BLANC,M√©canique,16 000¬†Dinar Tunisien (TND),a vendre toyota hiace type de carrosserie autres couleur du v√©hicule blanc puissance fiscale 2 mod√®le hi ace kilom√©trage 750 cylindr√©e 2.5l ann√©e 2001 carburant diesel etat du v√©hicule avec kilom√©trage marque toyota boite manuelle üî¥ contactez-nous pour plus d¬íinformations :üìû   +21692008082,01/03/2023,01/03/2023,
[R√©f:3187282] Ford focus berline ecoboost titanium,Automobiles ¬†>¬†Ford ¬†>¬†Focus,Tunisie ¬†>¬†Tunis ¬†>¬†La Marsa ¬†>¬†Sidi Daoud,Essence,6¬†CV,150 000,15/09/2016,Beige,M√©canique,46 000¬†Dinar Tunisien (TND),voiture du directeur financier d'une entreprise. tous les entretiens √† la maison ford. aucun d√©faut. chaine de distribution et batterie remplac√©es r√©cemment. etat neuf. toutes options.,01/03/2023,01/03/2023,
[R√©f:3187241] S√©rie1 tr√®s bon √©tat,Automobiles ¬†>¬†Bmw ¬†>¬†S√©rie 1,Tunisie ¬†>¬†Ben arous ¬†>¬†Hammam Chatt ¬†>¬†Borj Cedria,Diesel,6¬†CV,298 000,24/05/2012,Noire,M√©canique,41 500¬†Dinar Tunisien (TND),"s√©rie 1 en tr√®s bon √©tat, √† saisir",01/03/2023,01/03/2023,
[R√©f:3187230] Hyundai i20,Automobiles ¬†>¬†Hyundai ¬†>¬†Autre Mod√®le,Tunisie ¬†>¬†Tunis ¬†>¬†La Marsa ¬†>¬†Cite El Khalil,Essence,5¬†CV,45 000,09/11/2020,noir,M√©canique,48 000¬†Dinar Tunisien (TND),"hyndai i20 toutes options
km : 45000
int√©rieur : √©tat neuf
carrosserie: quelques √©gratignures superficielles",01/03/2023,01/03/2023,
[R√©f:3175641] Mghs bleu s√©rie 224,Automobiles ¬†>¬†Mg ¬†>¬†Autre Mod√®le,Tunisie ¬†>¬†Ben arous ¬†>¬†Hammam Lif ¬†>¬†Bou Kornine,Essence,10¬†CV,32 000,27/08/2021,bleu,Automatique,97 000¬†Dinar Tunisien (TND),mghs bleu en tr√©s bon √©tat tout options s√©rie 224,20/01/2023,01/03/2023,
[R√©f:3187046] Voiture  faible kilometrage,Automobiles ¬†>¬†Kia ¬†>¬†Cerato,Tunisie ¬†>¬†Ben arous ¬†>¬†El Mourouj ¬†>¬†El Mourouj,Essence,7¬†CV,70 000,08/12/2016,BLANCHE,M√©canique,51 000¬†Dinar Tunisien (TND),"a vendre kia cerato en √©tat excellent faible kilom√©trage (70000 km)
prix 51 mille dinar peut n√©gociable.
 t√©l: 53435384/97001479",28/02/2023,28/02/2023,
[R√©f:3186977] C2 diesel boite automatique,Automobiles ¬†>¬†Citroen ¬†>¬†C2,Tunisie ¬†>¬†Sfax ¬†>¬†Sfax Ville ¬†>¬†Sfax,Diesel,4¬†CV,195 000,20/05/2005,noir,Automatique,21 500¬†Dinar Tunisien (TND),vend une belle voiture c2 diesel boite automatique,28/02/2023,28/02/2023,
[R√©f:3186769] Ml 350 v6 1 er main,Automobiles ¬†>¬†Mercedes ¬†>¬†ML,Tunisie ¬†>¬†Ariana ¬†>¬†Ariana Ville ¬†>¬†Ariana,Diesel,15¬†CV,144 000,10/10/2011,Noir,M√©canique,105 000¬†Dinar Tunisien (TND),"ml phase 2 kit amg premi√®re main tr√®s bien entretenue. 
voiture dernier serie.tt option",28/02/2023,28/02/2023,
[R√©f:3169250] Cx60 volvo,Automobiles ¬†>¬†Volvo ¬†>¬†XC,Tunisie ¬†>¬†Tunis ¬†>¬†Cite El Khadra ¬†>¬†Zone urbaine nord,Diesel,10¬†CV,220 000,06/06/2011,Beige,M√©canique,55 000¬†Dinar Tunisien (TND),"premi√®re main 
voiture tr√®s propre,tt option  sous r√©gime rs
prix ycompris la droit de douane",02/01/2023,28/02/2023,
[R√©f:3186717] Ford fiesta 5cv premiere main,Automobiles ¬†>¬†Ford ¬†>¬†Fiesta,Tunisie ¬†>¬†Tunis ¬†>¬†Ain Zaghouan ¬†>¬†Ain Zaghouan,Essence,5¬†CV,99 000,01/03/2011,Titanium,M√©canique,29 500¬†Dinar Tunisien (TND),ford fiesta premi√®re main en etat neuf voiture a l'etat origine peinture de la maison vitres electriques bloo touth t√©l√©phone a main libre climatiseur en fonction connectivit√© aux vitres teinte d'origine fermeture centralis√©e disponible a l'aouina (non s√©rieux s'abstenir),27/02/2023,27/02/2023,
[R√©f:3186663] Renault symbol,Automobiles ¬†>¬†Renault ¬†>¬†Symbol,Tunisie ¬†>¬†Tunis ¬†>¬†Bab Bhar ¬†>¬†Montplaisir,Essence,5¬†CV,350 000,05/12/2016,GRIS,M√©canique,30 000¬†Dinar Tunisien (TND),"renault symbol berline mod√®le 2017 (du 05/12/2016) ,5 cv  & 350.000 km. voiture de direction en bon √©tat avec entretien aux normes. tout est d'origine (peinture et int√©rieur).t√©l : 24 690 237",27/02/2023,27/02/2023,
[R√©f:3186557] Toyota chr,Automobiles ¬†>¬†Toyota ¬†>¬†Autre Mod√®le,Tunisie ¬†>¬†Tunis ¬†>¬†Ain Zaghouan ¬†>¬†Ain Zaghouan,Diesel,n.d,n.d,15/03/2018,,M√©canique,73 000¬†Dinar Tunisien (TND),"je mets en vente une toyota ch-r 1√®re main en tr√®s bon √©tat. 
tous les entretiens sont faits chez la maison m√®re toyota.
kilom√©trage: 93000 km
date de mise en circulation: 15 mars 2018",27/02/2023,27/02/2023,
[R√©f:3186472] Picanto d'une femme,Automobiles ¬†>¬†Kia ¬†>¬†Picanto,Tunisie ¬†>¬†Ben arous ¬†>¬†Hammam Chatt ¬†>¬†Borj Cedria,Essence,4¬†CV,80 000,20/03/2013,Rouge,M√©canique,33 000¬†Dinar Tunisien (TND),"cause d√©part √† l'√©tranger femme vend sa voiture
karhba ndhifa premiere main depuis 2013
4 cylindres et m oteur 1.2 moch cha3bia",27/02/2023,27/02/2023,
[R√©f:3186209] Citroen c4,Automobiles  > Citroen  > C4,Tunisie  > Tunis  > Ain Zaghouan  > Ain Zaghouan,Diesel,6 CV,288,04/06/2010,Gris,M√©canique,20 000 Dinar Tunisien (TND),citro√´n c4 1√®re main import√©e de france s√©ries 155 tu ... tel:  98708140 prix : 20 000 dt,26/02/2023,26/02/2023,undefined
[R√©f:3185808] Kia sportage ecodynamic diesel tt options,Automobiles ¬†>¬†Kia ¬†>¬†Sportage,Tunisie ¬†>¬†Ariana ¬†>¬†La Soukra ¬†>¬†Borj Louzir,Diesel,7¬†CV,170 000,01/08/2016,noir,Automatique,105 000¬†Dinar Tunisien (TND),"kia sportage 1.7litre 2wd diesel
ann√©e: 08/2016
couleur ext√©rieure: noire
type de peinture: m√©tallis√©
int√©rieur: cuir, noir
carrosserie: suv
portes:5
si√®ges:5
version pays: koree
√©tat: occasion / 170000 km
propri√©taires pr√©c: 2
v√©hicule non fumeur
transmission: bo√Æte automatique mechatronic
vitesses: 7
cylindr√©e: 1.685 cm¬≥
carburant: diesel
equipement confort:
- accoudoir centrale
- assistant de d√©marrage en c√¥te
- cam√©ra d'aide au stationnement
- capteurs d'aide au stationnement arri√®re
- capteurs d'aide au stationnement avant
- climatisation automatique, bi-zone
- d√©tecteur de lumi√®re
- d√©tecteur de pluie
- r√©gulateur de vitesse
- r√©troviseurs lat√©raux √©lectriques rabattables
- si√®ges avant et si√®ges arri√®re chauffants
- si√®ges arri√®res 1/3
- start/stop automatique
- syst√®me de navigation
- toit ouvrant
- toit panoramique
- verrouillage centralis√© sans cl√©
- 4 vitres √©lectriques / 2 arri√®res teint√©es
- volant en cuir
- volant multifonctions
 - boite √† gant r√©frig√©r√©e
 divertissement / m√©dias:
- bluetooth
- dispositif mains libres
- mp3
- ordinateur de bord
- radio
- usb
- ecran tactile
- jantes alu",24/02/2023,25/02/2023,
[R√©f:3185954] Voiture mg gt,Automobiles ¬†>¬†Mg ¬†>¬†MG,Tunisie ¬†>¬†Nabeul ¬†>¬†Nabeul ¬†>¬†Nabeul,Essence,6¬†CV,143 000,04/07/2017,Blanc,M√©canique,38 500¬†Dinar Tunisien (TND),"a vendre voiture mg-gt, 6 cv essence, boite manuelle, en tr√®s bon √©tat, premi√®re main, tr√®s bien entretenu, mise en circulation en juillet 2017, kilom√©trage 143000 km, toutes options (freinage abs, jante en aluminium 16",24/02/2023,24/02/2023,
[R√©f:3176173] Chevrolet epica,Automobiles ¬†>¬†Chevrolet ¬†>¬†Epica,Tunisie ¬†>¬†Tunis ¬†>¬†El Hrairia ¬†>¬†El Hrairia,Diesel,9¬†CV,190 000,11/11/2009,NOIR,M√©canique,25 500¬†Dinar Tunisien (TND),chevrolet epica 2009,22/01/2023,24/02/2023,
[R√©f:3181449] Dacia dokker neuf,Automobiles ¬†>¬†Dacia ¬†>¬†Autre Mod√®le,Tunisie ¬†>¬†Ariana ¬†>¬†Ariana Ville ¬†>¬†Ariana,Diesel,6¬†CV,20 000,03/01/2022,gris,M√©canique,11 000¬†Dinar Tunisien (TND),"a vendre dacia dokker seire 227 gris sur laizing
transf√®re du dossier est simple",09/02/2023,23/02/2023,
[R√©f:3185641] Voiture premiere main en tres bon etat,Automobiles ¬†>¬†Chevrolet ¬†>¬†Aveo,Tunisie ¬†>¬†Ben arous ¬†>¬†Ezzahra ¬†>¬†Ezzahra,Essence,5¬†CV,86 360,26/06/2015,Champagne,M√©canique,27 000¬†Dinar Tunisien (TND),"chevrolet aveo, annee 2015, bien entretenue, premiere main en tr√®s bon √©tat.",23/02/2023,23/02/2023,
[R√©f:3185634] Citroen c4 cactus puretech 110 s et s one tone,Automobiles ¬†>¬†Citroen ¬†>¬†Autre Mod√®le,Tunisie ¬†>¬†Sousse ¬†>¬†Kalaa El Kebira ¬†>¬†Cite Nouvelle,Essence,5¬†CV,99 800,20/06/2018,Gris fonc√©,M√©canique,48 000¬†Dinar Tunisien (TND),"bo√Æte manuelle
couple 205 nm - 1500 tr/min
cylindr√©e 1199 cm3
energie essence
nombre de cylindres 3
nombre de rapports 5
puissance (ch.din) 110 ch
puissance fiscale 5 cv
transmission traction
0-100 km/h 9.3 s
consommation extra-urbaine 3.7/100 km
consommation mixte 4.3 l/100 km
consommation urbaine 5.4 l/100 km
vitesse maxi 192 km/h
carrosserie compacte
hauteur 1530
largeur 1730
longueur 4160
nombre de portes 5
volume du coffre 358 l
antibrouillards 
barres de toit 
el√©ments ext√©rieurs couleur carrosserie poign√©es de portes
feux de position √† led 
jantes en aluminium, 17
magic wash
cam√©ra de recul 
climatisation 
connectivit√© aux, bluetooth, usb
contr√¥le de pression des pneus 
direction assist√©e oui
radar de stationnement arri√®re
r√©gulateur de vitesse 
r√©troviseurs ext√©rieurs √©lectriques, avec capuchons blancs/noirs
volant r√©glable en hauteur et en profondeur
autoradio 4 haut-parleurs
ecran tactile, 7 pouces
sellerie tissu
si√®ges avant r√©glables en hauteur 
vitres √©lectriques avant
volant cuir
abs 
airbags frontaux, lat√©raux, rideaux
airbumps 
anti-patinage esp, asr
assistance au freinage afu",23/02/2023,23/02/2023,
[R√©f:3185610] Toyota prado vx en tres bon √©tat,Automobiles ¬†>¬†Toyota ¬†>¬†Land Cruiser,Tunisie ¬†>¬†Tunis ¬†>¬†La Marsa ¬†>¬†Berge Du Lac,Diesel,11¬†CV,240 000,01/01/2006,Champagne,Automatique,140 000¬†Dinar Tunisien (TND),"toyota prado vx en tres bon √©tat, entretien 100% maison toyota,:
¬ï antibrouillards
¬ï ¬†jantes en alliage
¬ï ¬†radar de recul
¬ï ¬†toit ouvrant
¬ï si√®ges chauffants
¬ï ¬†si√®ges r√©glables en hauteur
¬ï ¬†si√®ges √©lectriques
¬ï ¬†accoudoir avant
¬ï ¬†accoudoir arri√®re
¬ï ¬†autoradio cd
¬ï ¬†chargeur cd
¬ï ¬†sellerie en cuir
¬ï ¬†3 appuis t√™tes arri√®res
¬ï ¬†volant r√©glable hauteur/profondeur
¬ï ¬†climatisation
¬ï ¬†direction assist√©e
¬ï ¬†fermeture centralis√©e
¬ï ¬†ordinateur de bord
¬ï ¬†vitres √©lectriques",23/02/2023,23/02/2023,
[R√©f:3185409] Bmw serie 1 e87 n45,Automobiles ¬†>¬†Bmw ¬†>¬†S√©rie 1,Tunisie ¬†>¬†Zaghouan ¬†>¬†Ennadhour ¬†>¬†Ennadhour,Essence,7¬†CV,157 000,01/06/2011,Blanc,M√©canique,42 000¬†Dinar Tunisien (TND),"toit ouvrant
ecran android
camera de recul",23/02/2023,23/02/2023,
[R√©f:3185269] Jetta essence,Automobiles ¬†>¬†Volkswagen ¬†>¬†Jetta,Tunisie ¬†>¬†Tunis ¬†>¬†La Marsa ¬†>¬†Sidi Daoud,Essence,7¬†CV,192 000,01/03/2011,Blanche,M√©canique,40 000¬†Dinar Tunisien (TND),"jetta 1.6 essence 
en bon √©tat 
tr√®s bien entretenue
vente au plus offrant",22/02/2023,22/02/2023,
[R√©f:3158555] Mazda 3 en bon √©tat,Automobiles ¬†>¬†Mazda ¬†>¬†3,Tunisie ¬†>¬†Gabes ¬†>¬†El Metouia ¬†>¬†Oudhref,Essence,6¬†CV,240 000,01/01/2013,Bleu,M√©canique,21 000¬†Dinar Tunisien (TND),"mazda 3 en bon √©tat √† vendre 
cause d√©part √† l'√©tranger.
merci de contacter hatem au num√©ro de t√©l : 21 701 847",25/11/2022,22/02/2023,
[R√©f:3185246] Ford mondeo 2009 tr√®s bonne √©tat,Automobiles ¬†>¬†Ford ¬†>¬†Mondeo,Tunisie ¬†>¬†Ariana ¬†>¬†Ariana Ville ¬†>¬†Ariana,Essence,8¬†CV,192 000,01/03/2010,Noir,M√©canique,26 000¬†Dinar Tunisien (TND),"ford mondeo 2009
premi√®re main
entretien complet 
tr√®s bon √©tat",22/02/2023,22/02/2023,
[R√©f:3185113] Showroom bacha auto,Automobiles ¬†>¬†Autre Marque ¬†>¬†Autre Mod√®le,Tunisie ¬†>¬†Ben arous ¬†>¬†Rades ¬†>¬†Rades,Essence,4¬†CV,11 111,21/10/2022,blanc,M√©canique,500 000¬†Dinar Tunisien (TND),showroom bacha auto vous offre service pour le rachat imm√©diat de votre v√©hicule ainsi que l'√©change ou la vente . pour plus de d√©tailles veuillez consulter notre page facebook : bacha auto achat √©change vente voilures d occasion en tunisie .  tel : 98630750 / 96888999,22/02/2023,22/02/2023,
[R√©f:3184636] Toyota corolla diesel d4d 2015 ttes options,Automobiles ¬†>¬†Toyota ¬†>¬†Corolla,Tunisie ¬†>¬†Ariana ¬†>¬†La Soukra ¬†>¬†Chotrana 1,Diesel,5¬†CV,160 000,04/07/2015,Noir,M√©canique,43 000¬†Dinar Tunisien (TND),"toyota corolla diesel, moteur d4d tr√®s √©conomique moyenne de 6 l/100 km,  ann√©e 2015, 1,4 l, 160 000 km,  bo√Æte manuelle  6 rapports, ttes options, sauf cuir et toit ouvrant, tr√®s bon √©tat, yesser ndhifa, aucunes d√©penses √† pr√©voir, pces d√©j√† chang√©es : pneus avant, batterie, d√©marreur, disques des freins et patins, essuies glaces, housse, vidange et tous les filtres effectu√©s il y a 2 semaines (fin janvier 2023), vignette 2023 d√©j√† pay√©e...prix millo5or, non n√©gociable svp üôè",21/02/2023,21/02/2023,
[R√©f:3180208] Bmw 730 d  top,Automobiles ¬†>¬†Bmw ¬†>¬†Serie 7,Tunisie ¬†>¬†Ariana ¬†>¬†Ariana Ville ¬†>¬†Cite Ennasr 2,Diesel,15¬†CV,165 000,01/01/2008,Noir,M√©canique,65 000¬†Dinar Tunisien (TND),av bmw 730d diesel mod 2008 toute options  √©ta neuf 165 mlk tu 219 noire occasion √† ne pas rat√© prix 65md tel 24777777 ennasr2,05/02/2023,21/02/2023,
[R√©f:3184587] Polo 7 ndhifa,Automobiles ¬†>¬†Volkswagen ¬†>¬†Polo 7,Tunisie ¬†>¬†Ben arous ¬†>¬†Ben Arous ¬†>¬†Ben Arous,Essence,4¬†CV,270 000,11/11/2011,rouge,M√©canique,25 200¬†Dinar Tunisien (TND),"polo 7 model 2011 essence
vitre avant √©lectrique
climatiseur 
int√©rieur neuf
moteur 1.2 jamais ouvert
t√¥le comme neuf",21/02/2023,21/02/2023,
[R√©f:3184547] Belle audi  a4,Automobiles ¬†>¬†Audi ¬†>¬†A4,Tunisie ¬†>¬†Ben arous ¬†>¬†Megrine ¬†>¬†Megrine Coteau,Essence,6¬†CV,400 000,15/05/1996,Blanche,M√©canique,11 000¬†Dinar Tunisien (TND),"a vendre  une voiture audi a4,   en tr√®s  bonne  √©tat  et bien
 entretenue,  prix  11500dt",20/02/2023,20/02/2023,
[R√©f:3184466] Clio classic,Automobiles  > Renault  > Clio,Tunisie  > Ariana  > Raoued  > Borj Touil,Essence,5 CV,n.d,26/04/2005,Vert,M√©canique,17 000 Dinar Tunisien (TND),"√† vendre une clio classic deuxi√®me main d'une femme,",20/02/2023,20/02/2023,undefined
[R√©f:3184310] Micro  bus hundai h1,Automobiles ¬†>¬†Hyundai ¬†>¬†Autre Mod√®le,Tunisie ¬†>¬†Nabeul ¬†>¬†Dar Chaabane Elfehri ¬†>¬†Dar Chaabane Elfehri,Diesel,10¬†CV,184 102,20/05/2010,blanc,M√©canique,34 000¬†Dinar Tunisien (TND),"a vendre micro  bus  hundai h1 ,  12 places",20/02/2023,20/02/2023,
[R√©f:3184300] Polo 6 noir,Automobiles ¬†>¬†Volkswagen ¬†>¬†Polo 6,Tunisie ¬†>¬†Tunis ¬†>¬†La Marsa ¬†>¬†El Aouina,Essence,4¬†CV,220,01/01/2006,Noir,M√©canique,18 700¬†Dinar Tunisien (TND),"polo 6 noir 
moteur renouvel√© 
4 pneus renouvel√© 
2 vitres √©lectriques",20/02/2023,20/02/2023,
[R√©f:3184247] Peugeot 308,Automobiles ¬†>¬†Peugeot ¬†>¬†308,Tunisie ¬†>¬†Sfax ¬†>¬†Sfax Sud ¬†>¬†El Ain,Essence,6¬†CV,153 000,22/09/2011,Gris charbon,M√©canique,24 000¬†Dinar Tunisien (TND),"a vendre peugeot 308 toutes options, 6 cv, essence, 153000 km, couleur gris charbon, ann√©e 2011
contactez 44148795",20/02/2023,20/02/2023,
[R√©f:3184177] Discovery sport,Automobiles ¬†>¬†Land-Rover ¬†>¬†Discovery,Tunisie ¬†>¬†Tunis ¬†>¬†La Marsa ¬†>¬†Gammart,Diesel,8¬†CV,120 000,18/04/2018,NOIRE,Automatique,175 000¬†Dinar Tunisien (TND),discovery sport tres bon etat,19/02/2023,19/02/2023,
[R√©f:3184151] Mercedes a180,Automobiles ¬†>¬†Mercedes ¬†>¬†A,Tunisie ¬†>¬†Ariana ¬†>¬†La Soukra ¬†>¬†La Soukra,Essence,6¬†CV,124 000,31/10/2013,Noir,M√©canique,58 000¬†Dinar Tunisien (TND),"mercedes benz a 180,tr√®s propre
 üîµ options  : 
 ‚úÖ bo√Æte : manuelle 6 rapport 
‚úÖ climatisation 
‚úÖ int√©rieure tissu sportif 
‚úÖ si√®ge r√©glable on hauteur 
‚úÖ si√®ges chauffants 
‚úÖ radar av et ar
‚úÖ √©cran  multim√©dia
‚úÖ bluetooth t√©l√©phone aux usb
‚úÖ d√©tecteur de lumi√®re et de pluie
‚úÖ 8 airbags
‚úÖ abs esp ebd
‚úÖ mode eco systeme
‚úÖ volant multifonctions
‚úÖfeux avant et",19/02/2023,19/02/2023,
